match_date	winner	outcome	loser	duration	winner_finisher	winner_moves	loser_finisher	loser_moves
1979-04-30	Andre the Giant	def.	Jerry Valiant	08:32	Elbow Drop, Tombstone Piledriver	Bearhug, Big Splash, Bodyslam, Butterfly Suplex, Headbutt	Sleeper Hold	NULL
1979-04-30	Bad News Allen Coage	def.	Jose Estrada	04:19	Enzuigiri	NULL	NULL	NULL
1979-04-30	Bob Backlund	def.	Bulldog Brower	11:08	Crossface Chickenwing	Atomic Drop, Belly-To-Back Suplex, Diving Knee Drop	NULL	NULL
1979-04-30	Cowboy Lang	def.	Butch Cassidy		NULL	NULL	NULL	NULL
1979-04-30	Harley Race	def.	Steve Travis	05:14	Diving Headbutt, Piledriver	Belly-To-Belly Suplex, Bodyslam, Kneedrop	NULL	NULL
1979-04-30	Ivan Putski	draw (time)	Greg Valentine	20:00	Double Axhandle Blow	Bearhug, Powerslam, Suplex	Figure-Four Leglock	Back Suplex, Bionic Elbow, Elbow Drop, Piledriver
1979-04-30	Johnny Rodz	def.	Frankie Williams	09:42	NULL	NULL	NULL	NULL
1979-04-30	Roddy Piper	def.	Steve King	09:37	Sleeper Hold Suplex	Belly-To-Back Suplex, Boston Crab, Bulldog, Eye Poke, Eye Rake, Fist Drop, Inverted Atomic Drop, Jab, Low Blow, Piledriver, Running Knee Lift, Running Knee Strike	NULL	NULL
1979-04-30	Verne Gagne	def.	Mr. X (Evans)	12:05	Sleeper Hold	Dropkick, Missile Dropkick	NULL	NULL
1979-06-04	Ted DiBiase	draw (time)	Jimmy Valiant	15:00	Cobra Clutch	Back Suplex, Elbow Drop, Figure-Four Leglock, Fist Drop, Powerslam, Running Knee Lift, Sleeper Hold	NULL	Diving Elbow Drop
1979-06-04	The Iron Sheik	def.	Baron Mikel Scicluna	08:17	Camel Clutch, Top Rope Chokeslam	Boston Crab, Gutwrench Suplex	NULL	NULL
1979-06-04	Tito Santana	def.	Jose Estrada		Diving Forearm To The Back Of The Head	Diving Crossbody, Figure-Four Leglock, Jumping Forearm	NULL	NULL
1979-06-04	Nikolai Volkoff	def. (pin)	Special Delivery Jones	06:50	NULL	Backbreaker, Bearhug, Bodyslam	NULL	Headbutt
1979-06-04	Jerry Valiant	def. (pin)	Haystacks Calhoun	06:25	Sleeper Hold	NULL	Big Splash	NULL
1979-06-04	Ivan Putski	def. (pin)	Baron Mikel Scicluna	04:28	Double Axhandle Blow	Bearhug, Powerslam, Suplex	NULL	NULL
1979-06-04	Greg Valentine	def. (pin)	Dominic DeNucci	09:07	Figure-Four Leglock	Back Suplex, Bionic Elbow, Elbow Drop, Piledriver	Airplane Spin	NULL
1979-06-04	Bob Backlund	def. (pin)	The Iron Sheik	30:40	Crossface Chickenwing	Atomic Drop, Belly-To-Back Suplex, Diving Knee Drop	Camel Clutch, Top Rope Chokeslam	Boston Crab, Gutwrench Suplex
1979-06-04	Bulldog Brower	def. (pin)	Mr. X (Evans)	03:00	NULL	NULL	NULL	NULL
1979-07-02	Greg Valentine	def.	Chief Jay Strongbow		Figure-Four Leglock	Back Suplex, Bionic Elbow, Elbow Drop, Piledriver	Tomahawk Chops	Indian Deathlock, Inverted Atomic Drop, Knee Drop, Running Knee Lift, Sleeper Hold
1979-07-02	Ivan Putski	def.	Bulldog Brower		Double Axhandle Blow	Bearhug, Powerslam, Suplex	NULL	NULL
1979-07-02	Jerry Valiant	def.	Haystacks Calhoun		Sleeper Hold	NULL	Big Splash	NULL
1979-07-02	Johnny Rivera	draw	Mr. X (Evans)		NULL	NULL	NULL	NULL
1979-07-02	Nikolai Volkoff	def.	Special Delivery Jones		NULL	Backbreaker, Bearhug, Bodyslam	NULL	Headbutt
1979-07-02	Pat Patterson	def.	Bob Backlund		Atomic Drop	Diving Knee Drop, Figure-Four Leglock, Headbutt, Sleeper Hold	Crossface Chickenwing	Atomic Drop, Belly-To-Back Suplex, Diving Knee Drop
1979-07-02	Tito Santana	def.	Baron Mikel Scicluna		Diving Forearm To The Back Of The Head	Diving Crossbody, Figure-Four Leglock, Jumping Forearm	NULL	NULL
1979-07-02	The Iron Sheik	def.	Special Delivery Jones		Camel Clutch, Top Rope Chokeslam	Boston Crab, Gutwrench Suplex	NULL	Headbutt
1979-07-30	Ted DiBiase	draw	The Iron Sheik		Cobra Clutch	Back Suplex, Elbow Drop, Figure-Four Leglock, Fist Drop, Powerslam, Running Knee Lift, Sleeper Hold	Camel Clutch, Top Rope Chokeslam	Boston Crab, Gutwrench Suplex
1979-07-30	Roddy Piper	def.	Johnny Rodz		Sleeper Hold Suplex	Belly-To-Back Suplex, Boston Crab, Bulldog, Eye Poke, Eye Rake, Fist Drop, Inverted Atomic Drop, Jab, Low Blow, Piledriver, Running Knee Lift, Running Knee Strike	NULL	NULL
1979-07-30	Steve Travis	def.	Baron Mikel Scicluna		NULL	NULL	NULL	NULL
1979-07-30	Nikolai Volkoff	def.	Jose Estrada		NULL	Backbreaker, Bearhug, Bodyslam	NULL	NULL
1979-07-30	Kitty Adams	def. (pin)	Joyce Grable	17:47	NULL	NULL	NULL	NULL
1979-07-30	Greg Valentine	draw (DDQ)	Chief Jay Strongbow	07:46	Figure-Four Leglock	Back Suplex, Bionic Elbow, Elbow Drop, Piledriver	Tomahawk Chops	Indian Deathlock, Inverted Atomic Drop, Knee Drop, Running Knee Lift, Sleeper Hold
1979-07-30	Bob Backlund	draw (DCO)	Pat Patterson		Crossface Chickenwing	Atomic Drop, Belly-To-Back Suplex, Diving Knee Drop	Atomic Drop	Diving Knee Drop, Figure-Four Leglock, Headbutt, Sleeper Hold
1979-07-30	Andre the Giant	draw (curfew)	Captain Lou Albano		Elbow Drop, Tombstone Piledriver	Bearhug, Big Splash, Bodyslam, Butterfly Suplex, Headbutt	NULL	NULL
1979-08-27	Andre the Giant	def. (pin)	Jerry Valiant	03:43	Elbow Drop, Tombstone Piledriver	Bearhug, Big Splash, Bodyslam, Butterfly Suplex, Headbutt	Sleeper Hold	NULL
1979-08-27	Billy The Kid	def. (pin)	Butch Cassidy	06:56	NULL	NULL	NULL	NULL
1979-08-27	Bruno Sammartino	def. (pin)	Nikolai Volkoff	06:21	Bearhug, Half Boston, Powerslam	Backbreaker, Dropkick, Full Nelson, Hammerlock, Shoulderblock	NULL	Backbreaker, Bearhug, Bodyslam
1979-08-27	Greg Valentine	def.	Steve Travis		Figure-Four Leglock	Back Suplex, Bionic Elbow, Elbow Drop, Piledriver	NULL	NULL
1979-08-27	Chief Jay Strongbow	def. (pin)	Bulldog Brower	04:53	Tomahawk Chops	Indian Deathlock, Inverted Atomic Drop, Knee Drop, Running Knee Lift, Sleeper Hold	NULL	NULL
1979-08-27	Johnny Valiant	def.	Dominic DeNucci		NULL	NULL	Airplane Spin	NULL
1979-08-27	Pat Patterson	def. (CO)	Bob Backlund	14:29	Atomic Drop	Diving Knee Drop, Figure-Four Leglock, Headbutt, Sleeper Hold	Crossface Chickenwing	Atomic Drop, Belly-To-Back Suplex, Diving Knee Drop
1979-08-27	Special Delivery Jones	def.	Frank Rodriguez		NULL	Headbutt	NULL	NULL
1979-08-27	Ted DiBiase	draw (DCO)	Jimmy Valiant	06:19	Cobra Clutch	Back Suplex, Elbow Drop, Figure-Four Leglock, Fist Drop, Powerslam, Running Knee Lift, Sleeper Hold	NULL	Diving Elbow Drop
1979-08-27	Tito Santana	draw (time)	The Iron Sheik	20:00	Diving Forearm To The Back Of The Head	Diving Crossbody, Figure-Four Leglock, Jumping Forearm	Camel Clutch, Top Rope Chokeslam	Boston Crab, Gutwrench Suplex
1979-09-24	The Iron Sheik	def. (pin)	Pete Sanchez	03:57	Camel Clutch, Top Rope Chokeslam	Boston Crab, Gutwrench Suplex	NULL	NULL
1979-09-24	Ted DiBiase	def. (sub)	Jose Estrada	09:42	Cobra Clutch	Back Suplex, Elbow Drop, Figure-Four Leglock, Fist Drop, Powerslam, Running Knee Lift, Sleeper Hold	NULL	NULL
1979-09-24	Nikolai Volkoff	draw (curfew)	Chief Jay Strongbow	05:00	NULL	Backbreaker, Bearhug, Bodyslam	Tomahawk Chops	Indian Deathlock, Inverted Atomic Drop, Knee Drop, Running Knee Lift, Sleeper Hold
1979-09-24	Greg Valentine	def. (sub)	Dominic DeNucci	10:46	Figure-Four Leglock	Back Suplex, Bionic Elbow, Elbow Drop, Piledriver	Airplane Spin	NULL
1979-09-24	Johnny Rivera	def. (pin)	Gypsy Rodriguez	10:23	NULL	NULL	NULL	NULL
1979-09-24	Johnny Rodz	def. (pin)	Steve King	08:08	NULL	NULL	NULL	NULL
1979-09-24	Ivan Putski	def. (DQ)	Johnny Valiant	06:53	Double Axhandle Blow	Bearhug, Powerslam, Suplex	NULL	NULL
1979-09-24	Bob Backlund	def.	Pat Patterson	16:43	Crossface Chickenwing	Atomic Drop, Belly-To-Back Suplex, Diving Knee Drop	Atomic Drop	Diving Knee Drop, Figure-Four Leglock, Headbutt, Sleeper Hold
1979-09-24	Andre the Giant	def. (pin)	Jerry Valiant	06:04	Elbow Drop, Tombstone Piledriver	Bearhug, Big Splash, Bodyslam, Butterfly Suplex, Headbutt	Sleeper Hold	NULL
1979-09-24	Baron Mikel Scicluna	def. (CO)	Special Delivery Jones	07:09	NULL	NULL	NULL	Headbutt
1979-10-22	Bob Backlund	def. (pin)	Swede Hanson	16:28	Crossface Chickenwing	Atomic Drop, Belly-To-Back Suplex, Diving Knee Drop	NULL	NULL
1979-10-22	Bruno Sammartino	def.	Greg Valentine	15:10	Bearhug, Half Boston, Powerslam	Backbreaker, Dropkick, Full Nelson, Hammerlock, Shoulderblock	Figure-Four Leglock	Back Suplex, Bionic Elbow, Elbow Drop, Piledriver
1979-10-22	Ivan Putski	def. (pin)	Jerry Valiant	13:39	Double Axhandle Blow	Bearhug, Powerslam, Suplex	Sleeper Hold	NULL
1979-10-22	Dusty Rhodes	def. (pin)	Jimmy Valiant	05:27	Bionic Elbow, Figure-Four Leglock	Diving Crossbody, Elbow Drop, Sleeper Hold	NULL	Diving Elbow Drop
1979-10-22	Nikolai Volkoff	def. (pin)	Moose Monroe	03:56	NULL	Backbreaker, Bearhug, Bodyslam	Piledriver	NULL
1979-10-22	Larry Zbyszko	def. (DQ)	Bulldog Brower	03:49	Guillotine Choke, Shoulderbreaker	Brainbuster	NULL	NULL
1979-10-22	Johnny Rodz	draw (time)	Johnny Rivera	20:00	NULL	NULL	NULL	NULL
1979-10-22	Pat Patterson	def. (pin)	Ted DiBiase	07:54	Atomic Drop	Diving Knee Drop, Figure-Four Leglock, Headbutt, Sleeper Hold	Cobra Clutch	Back Suplex, Elbow Drop, Figure-Four Leglock, Fist Drop, Powerslam, Running Knee Lift, Sleeper Hold
1979-10-22	The Iron Sheik	def. (CO)	Dominic DeNucci	06:31	Camel Clutch, Top Rope Chokeslam	Boston Crab, Gutwrench Suplex	Airplane Spin	NULL
1979-11-19	The Iron Sheik	def.	Chief Jay Strongbow	02:51	Camel Clutch, Top Rope Chokeslam	Boston Crab, Gutwrench Suplex	Tomahawk Chops	Indian Deathlock, Inverted Atomic Drop, Knee Drop, Running Knee Lift, Sleeper Hold
1979-11-19	Pat Patterson	def.	Ted DiBiase	15:04	Atomic Drop	Diving Knee Drop, Figure-Four Leglock, Headbutt, Sleeper Hold	Cobra Clutch	Back Suplex, Elbow Drop, Figure-Four Leglock, Fist Drop, Powerslam, Running Knee Lift, Sleeper Hold
1979-11-19	Larry Zbyszko	def.	Johnny Rodz	09:21	Guillotine Choke, Shoulderbreaker	Brainbuster	NULL	NULL
1979-11-19	Dominic DeNucci	def. (DQ)	Bulldog Brower	15:03	Airplane Spin	NULL	NULL	NULL
1979-11-19	Ivan Putski	def.	Jerry Valiant	22:58	Double Axhandle Blow	Bearhug, Powerslam, Suplex	Sleeper Hold	NULL
1979-11-19	Jimmy Valiant	vs.	Captain Lou Albano		NULL	Diving Elbow Drop	NULL	NULL
1979-11-19	Bob Backlund	draw	Bobby Duncum		Crossface Chickenwing	Atomic Drop, Belly-To-Back Suplex, Diving Knee Drop	NULL	Sleeper Hold
1979-12-17	Bob Backlund	def.	Bobby Duncum	17:18	Crossface Chickenwing	Atomic Drop, Belly-To-Back Suplex, Diving Knee Drop	NULL	Sleeper Hold
1979-12-17	Antonio Inoki	def. (pin)	The Iron Sheik	14:59	Octopus Hold	Bow-And-Arrow Submission, Choke Sleeper, Enzuigiri, Indian Deathlock, Slap	Camel Clutch, Top Rope Chokeslam	Boston Crab, Gutwrench Suplex
1979-12-17	Ivan Putski	def. (pin)	Swede Hanson	06:57	Double Axhandle Blow	Bearhug, Powerslam, Suplex	NULL	NULL
1979-12-17	Hulk Hogan	def. (KO)	Ted DiBiase	11:12	Crooked Arm Lariat, Legdrop	Atomic Drop, Big Boot, Bodyslam	Cobra Clutch	Back Suplex, Elbow Drop, Figure-Four Leglock, Fist Drop, Powerslam, Running Knee Lift, Sleeper Hold
1979-12-17	Harley Race	def.	Dusty Rhodes	13:18	Diving Headbutt, Piledriver	Belly-To-Belly Suplex, Bodyslam, Kneedrop	Bionic Elbow, Figure-Four Leglock	Diving Crossbody, Elbow Drop, Sleeper Hold
1979-12-17	Larry Zbyszko	def. (pin)	Bulldog Brower	04:43	Guillotine Choke, Shoulderbreaker	Brainbuster	NULL	NULL
1979-12-17	Mike Graham	def. (sub)	Johnny Rodz	05:03	NULL	NULL	NULL	NULL
1979-12-17	Pat Patterson	def. (pin)	Dominic DeNucci	06:31	Atomic Drop	Diving Knee Drop, Figure-Four Leglock, Headbutt, Sleeper Hold	Airplane Spin	NULL
1979-12-17	Riki Choshu	def. (sub)	Bad News Allen Coage	09:44	Lariat, Scorpion Hold	Backdrop, German Suplex, Running Powerslam, Stomp	Enzuigiri	NULL
1979-12-17	Tatsumi Fujinami	def. (pin)	Johnny Rivera	10:17	Cobra Twist, Dragon Suplex	Backdrop Lift into Backbreaker, Dragon Screw, Dragon Sleeper, Enzuigiri, Japanese Leg Roll Clutch, Tope Suicida	NULL	NULL
1980-01-21	Tony Atlas	def. (pin)	Swede Hanson	02:17	Gorilla Press Slam	Full Nelson	NULL	NULL
1980-01-21	Rene Goulet	def.	Baron Mikel Scicluna	04:59	Scorpion Claw Hold	NULL	NULL	NULL
1980-01-21	Pat Patterson	def. (CO)	Captain Lou Albano	06:11	Atomic Drop	Diving Knee Drop, Figure-Four Leglock, Headbutt, Sleeper Hold	NULL	NULL
1980-01-21	Larry Zbyszko	def. (DQ)	The Iron Sheik	10:49	Guillotine Choke, Shoulderbreaker	Brainbuster	Camel Clutch, Top Rope Chokeslam	Boston Crab, Gutwrench Suplex
1980-01-21	Kevin Von Erich	def. (pin)	Johnny Rodz	08:28	Iron Claw	Diving Crossbody	NULL	NULL
1980-01-21	Hulk Hogan	def. (pin)	Dominic DeNucci	07:34	Crooked Arm Lariat, Legdrop	Atomic Drop, Big Boot, Bodyslam	Airplane Spin	NULL
1980-01-21	Afa	def. (CO)	Ivan Putski	12:46	Samoan Drop	Headbutt	Double Axhandle Blow	Bearhug, Powerslam, Suplex
1980-01-21	Bob Backlund	draw (DDQ)	Ken Patera	25:52	Crossface Chickenwing	Atomic Drop, Belly-To-Back Suplex, Diving Knee Drop	Swinging Full Nelson	NULL
1980-01-21	Bobby Duncum	def.	Mike Masters	01:29	NULL	Sleeper Hold	NULL	NULL
1980-02-18	Bobby Duncum	def.	Dominic DeNucci	11:21	NULL	Sleeper Hold	Airplane Spin	NULL
1980-02-18	Bob Backlund	def. (CO)	Ken Patera	15:37	Crossface Chickenwing	Atomic Drop, Belly-To-Back Suplex, Diving Knee Drop	Swinging Full Nelson	NULL
1980-02-18	Afa	def.	Rene Goulet	09:18	Samoan Drop	Headbutt	Scorpion Claw Hold	NULL
1980-02-18	Austin Idol	def.	Jose Estrada	07:26	Figure-Four Leglock	Elbowsmash, Kneedrop, Piledriver, Sleeper Hold	NULL	NULL
1980-02-18	Hulk Hogan	def. (CO)	Tito Santana	10:48	Crooked Arm Lariat, Legdrop	Atomic Drop, Big Boot, Bodyslam	Diving Forearm To The Back Of The Head	Diving Crossbody, Figure-Four Leglock, Jumping Forearm
1980-02-18	Cowboy Lang	def.	Dirty Morgan	06:55	NULL	NULL	NULL	NULL
1980-02-18	Tommy Rich	def.	Johnny Rodz	07:41	NULL	Thesz Press	NULL	NULL
1980-02-18	Tony Atlas	def.	The Iron Sheik	12:18	Gorilla Press Slam	Full Nelson	Camel Clutch, Top Rope Chokeslam	Boston Crab, Gutwrench Suplex
1980-02-18	Sika	def. (CO)	Ivan Putski	05:28	Samoan Drop	Headbutt	Double Axhandle Blow	Bearhug, Powerslam, Suplex
1980-03-24	Kerry Von Erich	def. (pin)	Jose Estrada	10:49	Iron Claw	Tornado Punch	NULL	NULL
1980-03-24	Larry Zbyszko	def. (DQ)	Bruno Sammartino	15:31	Guillotine Choke, Shoulderbreaker	Brainbuster	Bearhug, Half Boston, Powerslam	Backbreaker, Dropkick, Full Nelson, Hammerlock, Shoulderblock
1980-03-24	Rene Goulet	def. (pin)	Baron Mikel Scicluna	06:11	Scorpion Claw Hold	NULL	NULL	NULL
1980-03-24	Hulk Hogan	def. (pin)	Tito Santana	08:12	Crooked Arm Lariat, Legdrop	Atomic Drop, Big Boot, Bodyslam	Diving Forearm To The Back Of The Head	Diving Crossbody, Figure-Four Leglock, Jumping Forearm
1980-03-24	Andre the Giant	def. (pin)	Bobby Duncum	11:04	Elbow Drop, Tombstone Piledriver	Bearhug, Big Splash, Bodyslam, Butterfly Suplex, Headbutt	NULL	Sleeper Hold
1980-03-24	Afa	def. (pin)	Dominic DeNucci	09:42	Samoan Drop	Headbutt	Airplane Spin	NULL
1980-03-24	Bob Backlund	def. (pin)	Sika	18:32	Crossface Chickenwing	Atomic Drop, Belly-To-Back Suplex, Diving Knee Drop	Samoan Drop	Headbutt
1980-03-24	Bulldog Brower	def. (pin)	Frankie Williams	08:53	NULL	NULL	NULL	NULL
1980-03-24	Tor Kamata	def. (pin)	Mike Masters	05:46	NULL	NULL	NULL	NULL
1980-04-21	Bruno Sammartino	def. (CO)	Larry Zbyszko		Bearhug, Half Boston, Powerslam	Backbreaker, Dropkick, Full Nelson, Hammerlock, Shoulderblock	Guillotine Choke, Shoulderbreaker	Brainbuster
1980-04-21	Bob Backlund	def.	Afa	16:34	Crossface Chickenwing	Atomic Drop, Belly-To-Back Suplex, Diving Knee Drop	Samoan Drop	Headbutt
1980-04-21	Andre the Giant	def.	Bobby Duncum	13:11	Elbow Drop, Tombstone Piledriver	Bearhug, Big Splash, Bodyslam, Butterfly Suplex, Headbutt	NULL	Sleeper Hold
1980-04-21	Greg Gagne	def.	Jose Estrada	08:53	Dragon Sleeper	Indian Deathlock	NULL	NULL
1980-04-21	Hulk Hogan	def.	Rene Goulet	03:14	Crooked Arm Lariat, Legdrop	Atomic Drop, Big Boot, Bodyslam	Scorpion Claw Hold	NULL
1980-04-21	Jay Youngblood	def.	Bulldog Brower	15:11	Diving Tomahawk	Diving Double Axe Handle	NULL	NULL
1980-04-21	Larry Sharpe	def.	Mike Masters	08:11	NULL	Piledriver	NULL	NULL
1980-04-21	Ken Patera	def. (pin)	Pat Patterson	20:48	Swinging Full Nelson	NULL	Atomic Drop	Diving Knee Drop, Figure-Four Leglock, Headbutt, Sleeper Hold
1980-04-21	Sika	def.	Dominic DeNucci	09:27	Samoan Drop	Headbutt	Airplane Spin	NULL
1980-05-19	Larry Zbyszko	def. (pin)	Dominic DeNucci	07:08	Guillotine Choke, Shoulderbreaker	Brainbuster	Airplane Spin	NULL
1980-05-19	Larry Sharpe	def.	Frankie Williams	08:24	NULL	Piledriver	NULL	NULL
1980-05-19	Larry Zbyszko	def.	Afa	11:25	Guillotine Choke, Shoulderbreaker	Brainbuster	Samoan Drop	Headbutt
1980-05-19	Rick McGraw	def.	Jose Estrada	10:38	Diving Bodypress	Dropkick	NULL	NULL
1980-05-19	Ivan Putski	def. (pin)	Afa	16:25	Double Axhandle Blow	Bearhug, Powerslam, Suplex	Samoan Drop	Headbutt
1980-05-19	Gorilla Monsoon	def. (pin)	Baron Mikel Scicluna	03:11	Airplane Spin	Big Splash, Chop, Gorilla Press Slam	NULL	NULL
1980-05-19	Bob Backlund	def. (pin)	Ken Patera	22:56	Crossface Chickenwing	Atomic Drop, Belly-To-Back Suplex, Diving Knee Drop	Swinging Full Nelson	NULL
1980-05-19	Bobby Duncum	def.	Rene Goulet	05:42	NULL	Sleeper Hold	Scorpion Claw Hold	NULL
1980-05-19	Tor Kamata	def. (pin)	Johnny Rodz	07:58	NULL	NULL	NULL	NULL
1980-06-16	Bobby Duncum	def.	Rick McGraw		NULL	Sleeper Hold	Diving Bodypress	Dropkick
1980-06-16	Afa	def.	Dominic DeNucci		Samoan Drop	Headbutt	Airplane Spin	NULL
1980-06-16	Ivan Putski	def.	Tor Kamata		Double Axhandle Blow	Bearhug, Powerslam, Suplex	NULL	NULL
1980-06-16	Hulk Hogan	def.	Gorilla Monsoon		Crooked Arm Lariat, Legdrop	Atomic Drop, Big Boot, Bodyslam	Airplane Spin	Big Splash, Chop, Gorilla Press Slam
1980-06-16	Johnny Rodz	def.	Steve King		NULL	NULL	NULL	NULL
1980-06-16	Rene Goulet	def. (DQ)	Larry Sharpe		Scorpion Claw Hold	NULL	NULL	Piledriver
1980-06-16	Larry Zbyszko	def.	Bob Backlund	27:39	Guillotine Choke, Shoulderbreaker	Brainbuster	Crossface Chickenwing	Atomic Drop, Belly-To-Back Suplex, Diving Knee Drop
1980-06-16	Ken Patera	def.	Pat Patterson		Swinging Full Nelson	NULL	Atomic Drop	Diving Knee Drop, Figure-Four Leglock, Headbutt, Sleeper Hold
1980-08-09	Tony Atlas	def. (CO)	Ken Patera	08:13	Gorilla Press Slam	Full Nelson	Swinging Full Nelson	NULL
1980-08-09	The Hangman	def. (pin)	Rene Goulet	08:28	NULL	NULL	Scorpion Claw Hold	NULL
1980-08-09	Ivan Putski	def. (pin)	Johnny Rodz	04:47	Double Axhandle Blow	Bearhug, Powerslam, Suplex	NULL	NULL
1980-08-09	Greg Gagne	def.	Rick McGraw	14:33	Dragon Sleeper	Indian Deathlock	Diving Bodypress	Dropkick
1980-08-09	Dominic DeNucci	def. (pin)	Baron Mikel Scicluna	05:56	Airplane Spin	NULL	NULL	NULL
1980-08-09	Andre the Giant	def. (pin)	Hulk Hogan	07:48	Elbow Drop, Tombstone Piledriver	Bearhug, Big Splash, Bodyslam, Butterfly Suplex, Headbutt	Crooked Arm Lariat, Legdrop	Atomic Drop, Big Boot, Bodyslam
1980-08-09	Angel Marvilla	def. (pin)	Jose Estrada	07:26	NULL	NULL	NULL	NULL
1980-08-09	Bruno Sammartino	def.	Larry Zbyszko	13:59	Bearhug, Half Boston, Powerslam	Backbreaker, Dropkick, Full Nelson, Hammerlock, Shoulderblock	Guillotine Choke, Shoulderbreaker	Brainbuster
1980-08-09	Bob Backlund	def. (pin)	Afa	13:06	Crossface Chickenwing	Atomic Drop, Belly-To-Back Suplex, Diving Knee Drop	Samoan Drop	Headbutt
1980-09-22	Bob Backlund	def. (DQ)	Harley Race	35:14	Crossface Chickenwing	Atomic Drop, Belly-To-Back Suplex, Diving Knee Drop	Diving Headbutt, Piledriver	Belly-To-Belly Suplex, Bodyslam, Kneedrop
1980-09-22	Andre the Giant	def. (pin)	Hulk Hogan		Elbow Drop, Tombstone Piledriver	Bearhug, Big Splash, Bodyslam, Butterfly Suplex, Headbutt	Crooked Arm Lariat, Legdrop	Atomic Drop, Big Boot, Bodyslam
1980-09-22	The Hangman	def. (pin)	Dominic DeNucci	10:15	NULL	NULL	Airplane Spin	NULL
1980-09-22	Tony Atlas	def. (pin)	Sika	05:32	Gorilla Press Slam	Full Nelson	Samoan Drop	Headbutt
1980-09-22	Ken Patera	def. (pin)	Rene Goulet	01:04	Swinging Full Nelson	NULL	Scorpion Claw Hold	NULL
1980-09-22	Larry Zbyszko	def. (DQ)	Tony Garea	12:15	Guillotine Choke, Shoulderbreaker	Brainbuster	Octopus Hold	Abdominal Stretch
1980-09-22	Les Thornton	def. (pin)	Jose Estrada	07:02	NULL	NULL	NULL	NULL
1980-09-22	Rick Martel	def. (pin)	Rick McGraw	06:47	Airplane Spin, Boston Crab, Slingshot Splash	Bridging German Suplex, Diving Crossbody, Double Underhook Suplex, Dropkick, Gutwrench Suplex	Diving Bodypress	Dropkick
1980-09-22	Pat Patterson	def. (pin)	Johnny Rodz	08:04	Atomic Drop	Diving Knee Drop, Figure-Four Leglock, Headbutt, Sleeper Hold	NULL	NULL
1980-09-22	Pedro Morales	def. (pin)	Afa	03:34	Boston Crab, Senton Splash	Backbreaker	Samoan Drop	Headbutt
1980-10-20	Pedro Morales	draw (DDQ)	Ken Patera	16:19	Boston Crab, Senton Splash	Backbreaker	Swinging Full Nelson	NULL
1980-10-20	Rick Martel	def. (pin)	Baron Mikel Scicluna	03:34	Airplane Spin, Boston Crab, Slingshot Splash	Bridging German Suplex, Diving Crossbody, Double Underhook Suplex, Dropkick, Gutwrench Suplex	NULL	NULL
1980-10-20	Rene Goulet	def. (pin)	Johnny Rodz	08:41	Scorpion Claw Hold	NULL	NULL	NULL
1980-10-20	The Hangman	def. (sub)	Rene Goulet	07:19	NULL	NULL	Scorpion Claw Hold	NULL
1980-10-20	Terry Taylor	def. (pin)	Jose Estrada	09:59	Figure-Four Leglock	Chickenwing Armlock, Gutwrench Powerbomb, Jawbreaker, Jumping Forearm, Scorpion Deathlock, Sunset Flip	NULL	NULL
1980-10-20	Sergeant Slaughter	def. (DQ)	Bob Backlund	16:33	Cobra Clutch	Backbreaker, Bearhug, Camel Clutch, Elbow Drop, Gutbuster, Inverted Suplex, Lariat, Piledriver	Crossface Chickenwing	Atomic Drop, Belly-To-Back Suplex, Diving Knee Drop
1980-10-20	Dominic DeNucci	def. (pin)	Larry Sharpe	08:38	Airplane Spin	NULL	NULL	Piledriver
1980-10-20	Dusty Rhodes	def.	Afa		Bionic Elbow, Figure-Four Leglock	Diving Crossbody, Elbow Drop, Sleeper Hold	Samoan Drop	Headbutt
1980-10-20	Tony Garea	def. (DQ)	Larry Zbyszko	04:58	Octopus Hold	Abdominal Stretch	Guillotine Choke, Shoulderbreaker	Brainbuster
1980-12-08	Ernie Ladd	draw (DCO)	Tony Atlas	05:24	Kick to the Head	Abdominal Stretch, Guillotine Legdrop, Thumb To The Throat	Gorilla Press Slam	Full Nelson
1980-12-08	Johnny Rodz	def.	Sylvano Sousa	10:49	NULL	NULL	NULL	NULL
1980-12-08	Bruno Sammartino	def. (CO)	Sergeant Slaughter	18:38	Bearhug, Half Boston, Powerslam	Backbreaker, Dropkick, Full Nelson, Hammerlock, Shoulderblock	Cobra Clutch	Backbreaker, Bearhug, Camel Clutch, Elbow Drop, Gutbuster, Inverted Suplex, Lariat, Piledriver
1980-12-08	Rick Martel	def.	Afa	26:27	Airplane Spin, Boston Crab, Slingshot Splash	Bridging German Suplex, Diving Crossbody, Double Underhook Suplex, Dropkick, Gutwrench Suplex	Samoan Drop	Headbutt
1980-12-08	Pedro Morales	def.	Ken Patera	18:51	Boston Crab, Senton Splash	Backbreaker	Swinging Full Nelson	NULL
1980-12-08	Moondog King	def.	Angel Marvilla	11:37	Bearhug	NULL	NULL	NULL
1980-12-08	Larry Zbyszko	def. (CO)	Dominic DeNucci	12:42	Guillotine Choke, Shoulderbreaker	Brainbuster	Airplane Spin	NULL
1980-12-29	Joyce Grable	def. (pin)	Candy Malloy	05:09	NULL	NULL	NULL	NULL
1980-12-29	Pedro Morales	def. (pin)	The Hangman	07:07	Boston Crab, Senton Splash	Backbreaker	NULL	NULL
1980-12-29	Pat Patterson	def. (DQ)	Ken Patera	08:12	Atomic Drop	Diving Knee Drop, Figure-Four Leglock, Headbutt, Sleeper Hold	Swinging Full Nelson	NULL
1980-12-29	Rick Martel	def. (DQ)	Moondog King	13:16	Airplane Spin, Boston Crab, Slingshot Splash	Bridging German Suplex, Diving Crossbody, Double Underhook Suplex, Dropkick, Gutwrench Suplex	Bearhug	NULL
1980-12-29	Seiji Sakaguchi	draw	Sika	05:34	Argentine Backbreaker	Atomic Drop, Boston Crab, Jumping Knee Strike, Neck Hanging Buster	Samoan Drop	Headbutt
1980-12-29	Tatsumi Fujinami	def. (pin)	Don Diamond	10:28	Cobra Twist, Dragon Suplex	Backdrop Lift into Backbreaker, Dragon Screw, Dragon Sleeper, Enzuigiri, Japanese Leg Roll Clutch, Tope Suicida	NULL	NULL
1980-12-29	The Great Yatsu	def. (pin)	Jose Estrada	08:47	Prison Lock	Bulldog, Double Arm Suplex, German Suplex, Scoop Slam	NULL	NULL
1980-12-29	Bob Backlund	def. (pin)	Killer Khan	12:23	Crossface Chickenwing	Atomic Drop, Belly-To-Back Suplex, Diving Knee Drop	Powerbomb	Asian Mist, Cobra Clutch, Knee Drop, Mongolian Chop, Thumb To The Throat
1980-12-29	Antonio Inoki	def. (pin)	Bobby Duncum	12:47	Octopus Hold	Bow-And-Arrow Submission, Choke Sleeper, Enzuigiri, Indian Deathlock, Slap	NULL	Sleeper Hold
1980-12-29	Hulk Hogan	def. (pin)	Dominic DeNucci	04:38	Crooked Arm Lariat, Legdrop	Atomic Drop, Big Boot, Bodyslam	Airplane Spin	NULL
1981-02-16	Hulk Hogan	def.	Rick McGraw	01:31	Crooked Arm Lariat, Legdrop	Atomic Drop, Big Boot, Bodyslam	Diving Bodypress	Dropkick
1981-02-16	Bob Backlund	draw	Stan Hansen		Crossface Chickenwing	Atomic Drop, Belly-To-Back Suplex, Diving Knee Drop	Lariat	Boston Crab, Elbow Drop
1981-02-16	The Great Yatsu	def.	Johnny Rodz	11:12	Prison Lock	Bulldog, Double Arm Suplex, German Suplex, Scoop Slam	NULL	NULL
1981-02-16	The Hangman	def.	Frank Savage	10:58	NULL	NULL	NULL	NULL
1981-02-16	Special Delivery Jones	def.	Baron Mikel Scicluna	08:44	NULL	Headbutt	NULL	NULL
1981-02-16	Pedro Morales	def. (DQ)	Sergeant Slaughter	22:40	Boston Crab, Senton Splash	Backbreaker	Cobra Clutch	Backbreaker, Bearhug, Camel Clutch, Elbow Drop, Gutbuster, Inverted Suplex, Lariat, Piledriver
1981-02-16	Killer Khan	def.	Dominic DeNucci	07:46	Powerbomb	Asian Mist, Cobra Clutch, Knee Drop, Mongolian Chop, Thumb To The Throat	Airplane Spin	NULL
1981-03-16	Moondog Rex	def. (pin)	Rick McGraw	06:38	NULL	NULL	Diving Bodypress	Dropkick
1981-03-16	Pedro Morales	def. (pin)	Moondog King	04:48	Boston Crab, Senton Splash	Backbreaker	Bearhug	NULL
1981-03-16	Rick Martel	def. (pin)	The Hangman	15:37	Airplane Spin, Boston Crab, Slingshot Splash	Bridging German Suplex, Diving Crossbody, Double Underhook Suplex, Dropkick, Gutwrench Suplex	NULL	NULL
1981-03-16	Special Delivery Jones	def. (pin)	Johnny Rodz	09:41	NULL	Headbutt	NULL	NULL
1981-03-16	Stan Hansen	def. (CO)	Bob Backlund	12:02	Lariat	Boston Crab, Elbow Drop	Crossface Chickenwing	Atomic Drop, Belly-To-Back Suplex, Diving Knee Drop
1981-03-16	The Great Yatsu	def. (pin)	Baron Mikel Scicluna	08:39	Prison Lock	Bulldog, Double Arm Suplex, German Suplex, Scoop Slam	NULL	NULL
1981-03-16	Tony Atlas	def. (pin)	Hulk Hogan	07:08	Gorilla Press Slam	Full Nelson	Crooked Arm Lariat, Legdrop	Atomic Drop, Big Boot, Bodyslam
1981-03-16	Andre the Giant	def. (DQ)	Sergeant Slaughter	07:58	Elbow Drop, Tombstone Piledriver	Bearhug, Big Splash, Bodyslam, Butterfly Suplex, Headbutt	Cobra Clutch	Backbreaker, Bearhug, Camel Clutch, Elbow Drop, Gutbuster, Inverted Suplex, Lariat, Piledriver
1981-03-16	Dominic DeNucci	def. (pin)	Larry Sharpe	06:53	Airplane Spin	NULL	NULL	Piledriver
1981-03-16	Tony Garea	def. (pin)	Bulldog Brower	10:56	Octopus Hold	Abdominal Stretch	NULL	NULL
1981-04-06	Bob Backlund	def.	Stan Hansen	08:59	Crossface Chickenwing	Atomic Drop, Belly-To-Back Suplex, Diving Knee Drop	Lariat	Boston Crab, Elbow Drop
1981-04-06	The Great Yatsu	def. (pin)	Terry Gunn	05:11	Prison Lock	Bulldog, Double Arm Suplex, German Suplex, Scoop Slam	NULL	NULL
1981-04-06	Special Delivery Jones	def. (pin)	Baron Mikel Scicluna	08:53	NULL	Headbutt	NULL	NULL
1981-04-06	Rick Martel	def. (pin)	Johnny Rodz	07:38	Airplane Spin, Boston Crab, Slingshot Splash	Bridging German Suplex, Diving Crossbody, Double Underhook Suplex, Dropkick, Gutwrench Suplex	NULL	NULL
1981-04-06	Pedro Morales	def. (pin)	Moondog Rex	09:33	Boston Crab, Senton Splash	Backbreaker	NULL	NULL
1981-04-06	Pat Patterson	draw (DDQ)	Sergeant Slaughter	13:36	Atomic Drop	Diving Knee Drop, Figure-Four Leglock, Headbutt, Sleeper Hold	Cobra Clutch	Backbreaker, Bearhug, Camel Clutch, Elbow Drop, Gutbuster, Inverted Suplex, Lariat, Piledriver
1981-04-06	Mil Mascaras	def. (pin)	Moondog King	08:14	Plancha	Bearhug, Diving Double Chest Chop, Plancha Suicida	Bearhug	NULL
1981-04-06	Leilani Kai	def. (pin)	Jill Fontaine	07:08	Diving Crossbody	Big Boot, Diving Splash	NULL	NULL
1981-04-06	Killer Khan	def. (pin)	Dominic DeNucci	05:19	Powerbomb	Asian Mist, Cobra Clutch, Knee Drop, Mongolian Chop, Thumb To The Throat	Airplane Spin	NULL
1981-05-04	Pat Patterson	def.	Sergeant Slaughter	14:25	Atomic Drop	Diving Knee Drop, Figure-Four Leglock, Headbutt, Sleeper Hold	Cobra Clutch	Backbreaker, Bearhug, Camel Clutch, Elbow Drop, Gutbuster, Inverted Suplex, Lariat, Piledriver
1981-05-04	Peter Maivia	def. (pin)	Rick McGraw	07:08	NULL	NULL	Diving Bodypress	Dropkick
1981-05-04	Pedro Morales	def.	Killer Khan	04:26	Boston Crab, Senton Splash	Backbreaker	Powerbomb	Asian Mist, Cobra Clutch, Knee Drop, Mongolian Chop, Thumb To The Throat
1981-05-04	Special Delivery Jones	def.	Johnny Rodz	15:36	NULL	Headbutt	NULL	NULL
1981-05-04	The Great Yatsu	def.	The Hangman	10:31	Prison Lock	Bulldog, Double Arm Suplex, German Suplex, Scoop Slam	NULL	NULL
1981-05-04	Angelo Mosca	def. (DQ)	Bob Backlund	13:51	Full Nelson, Sleeper Hold	Elbow Drop, Heart Punch	Crossface Chickenwing	Atomic Drop, Belly-To-Back Suplex, Diving Knee Drop
1981-05-04	Dominic DeNucci	def. (pin)	Baron Mikel Scicluna	06:53	Airplane Spin	NULL	NULL	NULL
1981-05-04	Farmer Jerome	def. (pin)	Kid Chocolate		NULL	NULL	NULL	NULL
1981-05-04	Gorilla Monsoon	def. (pin)	Captain Lou Albano	14:01	Airplane Spin	Big Splash, Chop, Gorilla Press Slam	NULL	NULL
1981-06-08	Dusty Rhodes	def. (DQ)	Killer Khan	11:45	Bionic Elbow, Figure-Four Leglock	Diving Crossbody, Elbow Drop, Sleeper Hold	Powerbomb	Asian Mist, Cobra Clutch, Knee Drop, Mongolian Chop, Thumb To The Throat
1981-06-08	Don Muraco	def. (CO)	Rick Martel	10:27	Reverse Piledriver	DDT, Gorilla Press Slam, Powerslam, Samoan Drop, Shoulderbreaker, Top Rope Splash Mountain	Airplane Spin, Boston Crab, Slingshot Splash	Bridging German Suplex, Diving Crossbody, Double Underhook Suplex, Dropkick, Gutwrench Suplex
1981-06-08	Bob Backlund	def. (pin)	Angelo Mosca	10:31	Crossface Chickenwing	Atomic Drop, Belly-To-Back Suplex, Diving Knee Drop	Full Nelson, Sleeper Hold	Elbow Drop, Heart Punch
1981-06-08	Tony Garea	def. (pin)	Man Mountain Cannon	06:23	Octopus Hold	Abdominal Stretch	Avalanche, Big Splash	Bodyblock, Bodyslam, Elbow Drop, Powerslam
1981-06-08	Special Delivery Jones	def. (pin)	Frank Savage	06:17	NULL	Headbutt	NULL	NULL
1981-06-08	Tatsumi Fujinami	def. (pin)	Moondog Rex	22:15	Cobra Twist, Dragon Suplex	Backdrop Lift into Backbreaker, Dragon Screw, Dragon Sleeper, Enzuigiri, Japanese Leg Roll Clutch, Tope Suicida	NULL	NULL
1981-06-08	Pedro Morales	def. (DQ)	Sergeant Slaughter	06:53	Boston Crab, Senton Splash	Backbreaker	Cobra Clutch	Backbreaker, Bearhug, Camel Clutch, Elbow Drop, Gutbuster, Inverted Suplex, Lariat, Piledriver
1981-06-08	Larry Sharpe	def.	Rick McGraw		NULL	Piledriver	Diving Bodypress	Dropkick
1981-07-20	Pat Patterson	def. (DQ)	Angelo Mosca	11:08	Atomic Drop	Diving Knee Drop, Figure-Four Leglock, Headbutt, Sleeper Hold	Full Nelson, Sleeper Hold	Elbow Drop, Heart Punch
1981-07-20	Rick Martel	draw (curfew)	Moondog Rex	10:00	Airplane Spin, Boston Crab, Slingshot Splash	Bridging German Suplex, Diving Crossbody, Double Underhook Suplex, Dropkick, Gutwrench Suplex	NULL	NULL
1981-07-20	Special Delivery Jones	def.	Baron Mikel Scicluna	09:18	NULL	Headbutt	NULL	NULL
1981-07-20	Sergeant Slaughter	def.	Dominic DeNucci	08:39	Cobra Clutch	Backbreaker, Bearhug, Camel Clutch, Elbow Drop, Gutbuster, Inverted Suplex, Lariat, Piledriver	Airplane Spin	NULL
1981-07-20	Bob Backlund	def.	George Steele	07:11	Crossface Chickenwing	Atomic Drop, Belly-To-Back Suplex, Diving Knee Drop	Elevated Hammerlock	Big Splash, Full Nelson
1981-07-20	Andre the Giant	draw (DDQ)	Killer Khan		Elbow Drop, Tombstone Piledriver	Bearhug, Big Splash, Bodyslam, Butterfly Suplex, Headbutt	Powerbomb	Asian Mist, Cobra Clutch, Knee Drop, Mongolian Chop, Thumb To The Throat
1981-07-20	Don Muraco	draw (time)	Pedro Morales	20:00	Reverse Piledriver	DDT, Gorilla Press Slam, Powerslam, Samoan Drop, Shoulderbreaker, Top Rope Splash Mountain	Boston Crab, Senton Splash	Backbreaker
1981-07-20	Curt Hennig	def.	Strong Kobayashi	05:44	Fisherman Suplex	Atomic Drop, Dropkick, Figure-Four Leglock, Kneelift, Rolling Neck Snap, Spear	Canadian Backbreaker	Atomic Drop, Bearhug, Diving Bodypress
1981-07-20	Johnny Rodz	def.	Terry Gunn	09:31	NULL	NULL	NULL	NULL
1981-08-24	Curt Hennig	def.	Baron Mikel Scicluna	06:42	Fisherman Suplex	Atomic Drop, Dropkick, Figure-Four Leglock, Kneelift, Rolling Neck Snap, Spear	NULL	NULL
1981-08-24	Dominic DeNucci	def.	Frank Savage	05:16	Airplane Spin	NULL	NULL	NULL
1981-08-24	El Canek	def.	Jose Estrada	14:31	NULL	NULL	NULL	NULL
1981-08-24	Andre the Giant	def.	Killer Khan	06:48	Elbow Drop, Tombstone Piledriver	Bearhug, Big Splash, Bodyslam, Butterfly Suplex, Headbutt	Powerbomb	Asian Mist, Cobra Clutch, Knee Drop, Mongolian Chop, Thumb To The Throat
1981-08-24	Bob Backlund	draw (time)	Don Muraco	60:00	Crossface Chickenwing	Atomic Drop, Belly-To-Back Suplex, Diving Knee Drop	Reverse Piledriver	DDT, Gorilla Press Slam, Powerslam, Samoan Drop, Shoulderbreaker, Top Rope Splash Mountain
1981-08-24	Special Delivery Jones	def.	Johnny Rodz	05:53	NULL	Headbutt	NULL	NULL
1981-08-24	Tony Atlas	def.	Moondog Rex	05:02	Gorilla Press Slam	Full Nelson	NULL	NULL
1981-08-24	Rick Martel	def.	Moondog Spot	03:27	Airplane Spin, Boston Crab, Slingshot Splash	Bridging German Suplex, Diving Crossbody, Double Underhook Suplex, Dropkick, Gutwrench Suplex	Splash	NULL
1981-08-24	Pedro Morales	def. (DQ)	Angelo Mosca	10:49	Boston Crab, Senton Splash	Backbreaker	Full Nelson, Sleeper Hold	Elbow Drop, Heart Punch
1981-08-24	Tony Garea	def.	Bulldog Brower	05:16	Octopus Hold	Abdominal Stretch	NULL	NULL
1981-09-21	Pedro Morales	def. (pin)	Larry Sharpe	06:28	Boston Crab, Senton Splash	Backbreaker	NULL	Piledriver
1981-09-21	Rick Martel	def. (pin)	Johnny Rodz	12:15	Airplane Spin, Boston Crab, Slingshot Splash	Bridging German Suplex, Diving Crossbody, Double Underhook Suplex, Dropkick, Gutwrench Suplex	NULL	NULL
1981-09-21	Killer Khan	def. (pin)	Dominic DeNucci	04:03	Powerbomb	Asian Mist, Cobra Clutch, Knee Drop, Mongolian Chop, Thumb To The Throat	Airplane Spin	NULL
1981-09-21	Mil Mascaras	def. (pin)	Bulldog Brower	02:41	Plancha	Bearhug, Diving Double Chest Chop, Plancha Suicida	NULL	NULL
1981-09-21	Mr. Fuji	def.	Angelo Mosca	18:24	Lariat	Cobra Clutch, Body Scissors Combination	Full Nelson, Sleeper Hold	Elbow Drop, Heart Punch
1981-09-21	Mr. Fuji	def. (pin)	Curt Hennig	07:14	Lariat	Cobra Clutch, Body Scissors Combination	Fisherman Suplex	Atomic Drop, Dropkick, Figure-Four Leglock, Kneelift, Rolling Neck Snap, Spear
1981-09-21	Mr. Saito	def. (pin)	Roberto Soto	06:54	Prison Lock, Saito Suplex	German Suplex, Headbutt, Lariat, Scorpion Hold	NULL	NULL
1981-09-21	The Great Yatsu	def. (pin)	Baron Mikel Scicluna	09:37	Prison Lock	Bulldog, Double Arm Suplex, German Suplex, Scoop Slam	NULL	NULL
1981-09-21	Steve O	def. (pin)	Ron Shaw	06:52	NULL	NULL	NULL	NULL
1981-09-21	Bob Backlund	def. (pin)	Don Muraco	31:35	Crossface Chickenwing	Atomic Drop, Belly-To-Back Suplex, Diving Knee Drop	Reverse Piledriver	DDT, Gorilla Press Slam, Powerslam, Samoan Drop, Shoulderbreaker, Top Rope Splash Mountain
1981-10-19	Bob Backlund	draw (NC)	Greg Valentine	19:32	Crossface Chickenwing	Atomic Drop, Belly-To-Back Suplex, Diving Knee Drop	Figure-Four Leglock	Back Suplex, Bionic Elbow, Elbow Drop, Piledriver
1981-10-19	Dusty Rhodes	def. (pin)	Rick McGraw	01:28	Bionic Elbow, Figure-Four Leglock	Diving Crossbody, Elbow Drop, Sleeper Hold	Diving Bodypress	Dropkick
1981-10-19	Dominic DeNucci	def. (pin)	Johnny Rodz	11:29	Airplane Spin	NULL	NULL	NULL
1981-10-19	Curt Hennig	def. (pin)	Joe Cox	09:14	Fisherman Suplex	Atomic Drop, Dropkick, Figure-Four Leglock, Kneelift, Rolling Neck Snap, Spear	Iron Claw	NULL
1981-10-19	Rick Martel	def. (DQ)	Mr. Fuji	11:44	Airplane Spin, Boston Crab, Slingshot Splash	Bridging German Suplex, Diving Crossbody, Double Underhook Suplex, Dropkick, Gutwrench Suplex	Lariat	Cobra Clutch, Body Scissors Combination
1981-10-19	Pedro Morales	def.	Don Muraco	18:46	Boston Crab, Senton Splash	Backbreaker	Reverse Piledriver	DDT, Gorilla Press Slam, Powerslam, Samoan Drop, Shoulderbreaker, Top Rope Splash Mountain
1981-10-19	Pat Patterson	def. (pin)	Angelo Mosca	09:18	Atomic Drop	Diving Knee Drop, Figure-Four Leglock, Headbutt, Sleeper Hold	Full Nelson, Sleeper Hold	Elbow Drop, Heart Punch
1981-10-19	Tony Atlas	def. (CO)	Killer Khan	09:49	Gorilla Press Slam	Full Nelson	Powerbomb	Asian Mist, Cobra Clutch, Knee Drop, Mongolian Chop, Thumb To The Throat
1981-11-23	Tony Garea	def. (pin)	Baron Mikel Scicluna	11:39	Octopus Hold	Abdominal Stretch	NULL	NULL
1981-11-23	Pedro Morales	def.	Don Muraco	13:36	Boston Crab, Senton Splash	Backbreaker	Reverse Piledriver	DDT, Gorilla Press Slam, Powerslam, Samoan Drop, Shoulderbreaker, Top Rope Splash Mountain
1981-11-23	Rick Martel	def. (pin)	Hans Schroeder	13:11	Airplane Spin, Boston Crab, Slingshot Splash	Bridging German Suplex, Diving Crossbody, Double Underhook Suplex, Dropkick, Gutwrench Suplex	NULL	NULL
1981-11-23	Mr. Saito	def. (pin)	Special Delivery Jones	07:37	Prison Lock, Saito Suplex	German Suplex, Headbutt, Lariat, Scorpion Hold	NULL	Headbutt
1981-11-23	Mil Mascaras	def. (pin)	The Masked Executioner	02:36	Plancha	Bearhug, Diving Double Chest Chop, Plancha Suicida	NULL	NULL
1981-11-23	Tony Atlas	def. (pin)	Mr. Fuji	08:16	Gorilla Press Slam	Full Nelson	Lariat	Cobra Clutch, Body Scissors Combination
1981-11-23	The Haiti Kid	def. (pin)	Little Boy Blue	08:33	NULL	NULL	NULL	NULL
1981-11-23	Curt Hennig	def.	Johnny Rodz	11:26	Fisherman Suplex	Atomic Drop, Dropkick, Figure-Four Leglock, Kneelift, Rolling Neck Snap, Spear	NULL	NULL
1981-11-23	Dusty Rhodes	def. (CO)	Angelo Mosca	07:24	Bionic Elbow, Figure-Four Leglock	Diving Crossbody, Elbow Drop, Sleeper Hold	Full Nelson, Sleeper Hold	Elbow Drop, Heart Punch
1981-11-23	Bob Backlund	def. (pin)	Greg Valentine	15:36	Crossface Chickenwing	Atomic Drop, Belly-To-Back Suplex, Diving Knee Drop	Figure-Four Leglock	Back Suplex, Bionic Elbow, Elbow Drop, Piledriver
1982-01-18	Charlie Fulton	def. (pin)	Johnny Rodz	09:28	Piledriver	Powerslam	NULL	NULL
1982-01-18	Adrian Adonis	def.	Bob Backlund	30:54	DDT, Sleeper Hold 	Diving Shoulder Block, Knee Drop	Crossface Chickenwing	Atomic Drop, Belly-To-Back Suplex, Diving Knee Drop
1982-01-18	Greg Valentine	def. (DQ)	Pedro Morales	14:43	Figure-Four Leglock	Back Suplex, Bionic Elbow, Elbow Drop, Piledriver	Boston Crab, Senton Splash	Backbreaker
1982-01-18	Jesse Ventura	def. (pin)	Dominic DeNucci	10:26	NULL	Bodybreaker	Airplane Spin	NULL
1982-01-18	Ivan Putski	def.	Killer Khan		Double Axhandle Blow	Bearhug, Powerslam, Suplex	Powerbomb	Asian Mist, Cobra Clutch, Knee Drop, Mongolian Chop, Thumb To The Throat
1982-01-18	Tony Atlas	def. (pin)	The Masked Executioner	02:57	Gorilla Press Slam	Full Nelson	NULL	NULL
1982-01-18	Larry Sharpe	def. (pin)	Jose Estrada	08:41	NULL	Piledriver	NULL	NULL
1982-01-18	Rick Martel	def. (DQ)	Mr. Fuji	08:58	Airplane Spin, Boston Crab, Slingshot Splash	Bridging German Suplex, Diving Crossbody, Double Underhook Suplex, Dropkick, Gutwrench Suplex	Lariat	Cobra Clutch, Body Scissors Combination
1982-02-15	Rick McGraw	def.	Jose Estrada	08:24	Diving Bodypress	Dropkick	NULL	NULL
1982-02-15	Pierre Martel	def. (DQ)	Larry Sharpe	09:51	NULL	NULL	NULL	Piledriver
1982-02-15	Pedro Morales	def.	Greg Valentine	14:10	Boston Crab, Senton Splash	Backbreaker	Figure-Four Leglock	Back Suplex, Bionic Elbow, Elbow Drop, Piledriver
1982-02-15	Tony Atlas	draw (curfew)	Killer Khan		Gorilla Press Slam	Full Nelson	Powerbomb	Asian Mist, Cobra Clutch, Knee Drop, Mongolian Chop, Thumb To The Throat
1982-02-15	Steve Travis	def.	Charlie Fulton	06:33	NULL	NULL	Piledriver	Powerslam
1982-02-15	Jesse Ventura	def.	Special Delivery Jones	05:43	NULL	Bodybreaker	NULL	Headbutt
1982-02-15	Captain Lou Albano	def.	Pat Patterson	15:31	NULL	NULL	Atomic Drop	Diving Knee Drop, Figure-Four Leglock, Headbutt, Sleeper Hold
1982-02-15	Bob Backlund	def. (pin)	Adrian Adonis	16:33	Crossface Chickenwing	Atomic Drop, Belly-To-Back Suplex, Diving Knee Drop	DDT, Sleeper Hold 	Diving Shoulder Block, Knee Drop
1982-03-14	Bob Backlund	def. (pin)	Jesse Ventura	09:21	Crossface Chickenwing	Atomic Drop, Belly-To-Back Suplex, Diving Knee Drop	NULL	Bodybreaker
1982-03-14	Andre the Giant	def. (DQ)	Mr. Fuji		Elbow Drop, Tombstone Piledriver	Bearhug, Big Splash, Bodyslam, Butterfly Suplex, Headbutt	Lariat	Cobra Clutch, Body Scissors Combination
1982-03-14	Greg Valentine	def.	Special Delivery Jones	09:48	Figure-Four Leglock	Back Suplex, Bionic Elbow, Elbow Drop, Piledriver	NULL	Headbutt
1982-03-14	Steve Travis	def.	Jose Estrada	10:06	NULL	NULL	NULL	NULL
1982-03-14	The Fabulous Moolah	def.	Princess Victoria	11:56	Schoolboy	Backbreaker, Bodyslam	NULL	NULL
1982-03-14	Pedro Morales	def. (pin)	Adrian Adonis	10:47	Boston Crab, Senton Splash	Backbreaker	DDT, Sleeper Hold 	Diving Shoulder Block, Knee Drop
1982-03-14	Pat Patterson	def. (CO)	Captain Lou Albano	01:59	Atomic Drop	Diving Knee Drop, Figure-Four Leglock, Headbutt, Sleeper Hold	NULL	NULL
1982-03-14	Rick Martel	def.	Charlie Fulton	07:28	Airplane Spin, Boston Crab, Slingshot Splash	Bridging German Suplex, Diving Crossbody, Double Underhook Suplex, Dropkick, Gutwrench Suplex	Piledriver	Powerslam
1982-04-26	Johnny Rodz	def. (DQ)	Baron Mikel Scicluna	05:52	NULL	NULL	NULL	NULL
1982-04-26	Tony Atlas	def. (pin)	Jesse Ventura	15:09	Gorilla Press Slam	Full Nelson	NULL	Bodybreaker
1982-04-26	Jimmy Snuka	def. (DQ)	Bob Backlund	10:42	Diving Splash	180° Corkscrew Enzuigiri, Diving Crossbody, Diving Headbutt, Dropsault	Crossface Chickenwing	Atomic Drop, Belly-To-Back Suplex, Diving Knee Drop
1982-04-26	Adrian Adonis	def.	Pete Sanchez	06:10	DDT, Sleeper Hold 	Diving Shoulder Block, Knee Drop	NULL	NULL
1982-04-26	Andre the Giant	def.	Greg Valentine	23:40	Elbow Drop, Tombstone Piledriver	Bearhug, Big Splash, Bodyslam, Butterfly Suplex, Headbutt	Figure-Four Leglock	Back Suplex, Bionic Elbow, Elbow Drop, Piledriver
1982-04-26	Blackjack Mulligan	def.	Steve Travis	12:49	NULL	Clawhold, Jumping Back Elbow	NULL	NULL
1982-04-26	Bob Orton Jr.	def.	Rick McGraw	07:06	Superplex	Bulldog, Elbow to the Head, Inverted Atomic Drop, Piledriver, Vertical Suplex	Diving Bodypress	Dropkick
1982-04-26	Tony Garea	def.	Charlie Fulton	13:02	Octopus Hold	Abdominal Stretch	Piledriver	Powerslam
1982-06-05	Tony Garea	def. (DQ)	Swede Hanson		Octopus Hold	Abdominal Stretch	NULL	NULL
1982-06-05	Bob Orton Jr.	def. (pin)	Steve Travis	09:42	Superplex	Bulldog, Elbow to the Head, Inverted Atomic Drop, Piledriver, Vertical Suplex	NULL	NULL
1982-06-05	Andre the Giant	draw (DCO)	Blackjack Mulligan	09:34	Elbow Drop, Tombstone Piledriver	Bearhug, Big Splash, Bodyslam, Butterfly Suplex, Headbutt	NULL	Clawhold, Jumping Back Elbow
1982-06-05	Jimmy Snuka	def. (CO)	Bob Backlund	20:53	Diving Splash	180° Corkscrew Enzuigiri, Diving Crossbody, Diving Headbutt, Dropsault	Crossface Chickenwing	Atomic Drop, Belly-To-Back Suplex, Diving Knee Drop
1982-06-05	Ivan Putski	def. (pin)	Mr. Saito	08:37	Double Axhandle Blow	Bearhug, Powerslam, Suplex	Prison Lock, Saito Suplex	German Suplex, Headbutt, Lariat, Scorpion Hold
1982-06-05	Chief Jay Strongbow	def.	Adrian Adonis	11:19	Tomahawk Chops	Indian Deathlock, Inverted Atomic Drop, Knee Drop, Running Knee Lift, Sleeper Hold	DDT, Sleeper Hold 	Diving Shoulder Block, Knee Drop
1982-06-05	Tony Atlas	draw (DCO)	Greg Valentine	08:24	Gorilla Press Slam	Full Nelson	Figure-Four Leglock	Back Suplex, Bionic Elbow, Elbow Drop, Piledriver
1982-06-05	Sherri Martel	def. (pin)	Judy Martin	03:30	Sleeper Hold	NULL	NULL	NULL
1982-06-05	Jose Estrada	def. (pin)	Laurent Soucie	10:28	NULL	NULL	NULL	NULL
1982-06-05	Rick McGraw	def. (pin)	Charlie Fulton	02:21	Diving Bodypress	Dropkick	Piledriver	Powerslam
1982-06-05	Pedro Morales	def. (pin)	Mr. Fuji	05:39	Boston Crab, Senton Splash	Backbreaker	Lariat	Cobra Clutch, Body Scissors Combination
1982-06-28	Johnny Rodz	def. (pin)	Rick McGraw	10:32	NULL	NULL	Diving Bodypress	Dropkick
1982-06-28	Steve Travis	def. (pin)	Charlie Fulton	05:41	NULL	NULL	Piledriver	Powerslam
1982-06-28	Swede Hanson	def. (pin)	Laurent Soucie	03:24	NULL	NULL	NULL	NULL
1982-06-28	Salvatore Bellomo	def. (pin)	Baron Mikel Scicluna	04:19	Big Splash	NULL	NULL	NULL
1982-06-28	Tony Atlas	def. (CO)	Greg Valentine	03:02	Gorilla Press Slam	Full Nelson	Figure-Four Leglock	Back Suplex, Bionic Elbow, Elbow Drop, Piledriver
1982-06-28	Bob Orton Jr.	def. (DQ)	Pedro Morales	14:38	Superplex	Bulldog, Elbow to the Head, Inverted Atomic Drop, Piledriver, Vertical Suplex	Boston Crab, Senton Splash	Backbreaker
1982-06-28	Chief Jay Strongbow	def. (pin)	Mr. Fuji	09:48	Tomahawk Chops	Indian Deathlock, Inverted Atomic Drop, Knee Drop, Running Knee Lift, Sleeper Hold	Lariat	Cobra Clutch, Body Scissors Combination
1982-06-28	Blackjack Mulligan	def. (pin)	Special Delivery Jones	07:44	NULL	Clawhold, Jumping Back Elbow	NULL	Headbutt
1982-06-28	Bob Backlund	def.	Jimmy Snuka	15:10	Crossface Chickenwing	Atomic Drop, Belly-To-Back Suplex, Diving Knee Drop	Diving Splash	180° Corkscrew Enzuigiri, Diving Crossbody, Diving Headbutt, Dropsault
1982-06-28	Tony Garea	def. (DQ)	Adrian Adonis	08:35	Octopus Hold	Abdominal Stretch	DDT, Sleeper Hold 	Diving Shoulder Block, Knee Drop
1982-08-02	Tony Garea	draw	Steve Travis	13:32	Octopus Hold	Abdominal Stretch	NULL	NULL
1982-08-02	Bob Backlund	def.	Bob Orton Jr.	23:38	Crossface Chickenwing	Atomic Drop, Belly-To-Back Suplex, Diving Knee Drop	Superplex	Bulldog, Elbow to the Head, Inverted Atomic Drop, Piledriver, Vertical Suplex
1982-08-02	Andre the Giant	def.	Blackjack Mulligan	14:41	Elbow Drop, Tombstone Piledriver	Bearhug, Big Splash, Bodyslam, Butterfly Suplex, Headbutt	NULL	Clawhold, Jumping Back Elbow
1982-08-02	Chief Jay Strongbow	def.	Masked Demon #1	05:06	Tomahawk Chops	Indian Deathlock, Inverted Atomic Drop, Knee Drop, Running Knee Lift, Sleeper Hold	NULL	NULL
1982-08-02	Ivan Putski	def.	Mr. Saito	10:18	Double Axhandle Blow	Bearhug, Powerslam, Suplex	Prison Lock, Saito Suplex	German Suplex, Headbutt, Lariat, Scorpion Hold
1982-08-02	Ivan Putski	def. (DQ)	Mr. Fuji	02:58	Double Axhandle Blow	Bearhug, Powerslam, Suplex	Lariat	Cobra Clutch, Body Scissors Combination
1982-08-02	Johnny Rodz	draw (DDQ)	Pete Sanchez		NULL	NULL	NULL	NULL
1982-08-02	Jimmy Snuka	def. (CO)	Pedro Morales	09:18	Diving Splash	180° Corkscrew Enzuigiri, Diving Crossbody, Diving Headbutt, Dropsault	Boston Crab, Senton Splash	Backbreaker
1982-08-02	Salvatore Bellomo	def.	Jose Estrada	04:14	Big Splash	NULL	NULL	NULL
1982-08-02	Special Delivery Jones	def.	Swede Hanson	02:36	NULL	Headbutt	NULL	NULL
1982-08-02	Leilani Kai	def.	Peggy Lee	07:13	Diving Crossbody	Big Boot, Diving Splash	Reverse Splash	NULL
1982-08-30	Little Beaver	def. (pin)	Sky Low Low	06:03	NULL	NULL	NULL	NULL
1982-08-30	Killer Khan	def. (pin)	Steve Travis	05:31	Powerbomb	Asian Mist, Cobra Clutch, Knee Drop, Mongolian Chop, Thumb To The Throat	NULL	NULL
1982-08-30	Pedro Morales	draw (DDQ)	Jimmy Snuka	17:55	Boston Crab, Senton Splash	Backbreaker	Diving Splash	180° Corkscrew Enzuigiri, Diving Crossbody, Diving Headbutt, Dropsault
1982-08-30	Tatsumi Fujinami	def. (pin)	Gino Brito	11:34	Cobra Twist, Dragon Suplex	Backdrop Lift into Backbreaker, Dragon Screw, Dragon Sleeper, Enzuigiri, Japanese Leg Roll Clutch, Tope Suicida	NULL	NULL
1982-08-30	Salvatore Bellomo	def. (pin)	Swede Hanson	03:26	Big Splash	NULL	NULL	NULL
1982-08-30	Tiger Mask I	def. (pin)	Dynamite Kid	06:34	NULL	NULL	Diving Headbutt	Belly-To-Back Suplex, Bridging German Suplex, Cradle Tombstone Piledriver, Diving Knee Drop, European Uppercut, Headbutt, Indian Deathlock, Knee Drop, Missile Dropkick, Snap Suplex, Superplex, Tombstone Piledriver
1982-08-30	The Fabulous Moolah	def.	Penny Mitchell	04:49	Schoolboy	Backbreaker, Bodyslam	NULL	NULL
1982-08-30	Andre the Giant	def. (pin)	Blackjack Mulligan	14:03	Elbow Drop, Tombstone Piledriver	Bearhug, Big Splash, Bodyslam, Butterfly Suplex, Headbutt	NULL	Clawhold, Jumping Back Elbow
1982-08-30	Bob Backlund	def. (sub)	Buddy Rose	20:24	Crossface Chickenwing	Atomic Drop, Belly-To-Back Suplex, Diving Knee Drop	NULL	NULL
1982-08-30	Bob Orton Jr.	def. (CO)	Pat Patterson	09:28	Superplex	Bulldog, Elbow to the Head, Inverted Atomic Drop, Piledriver, Vertical Suplex	Atomic Drop	Diving Knee Drop, Figure-Four Leglock, Headbutt, Sleeper Hold
1982-08-30	Tony Garea	def. (pin)	Charlie Fulton	06:39	Octopus Hold	Abdominal Stretch	Piledriver	Powerslam
1982-10-04	Chief Jay Strongbow	def.	Mr. Fuji	08:58	Tomahawk Chops	Indian Deathlock, Inverted Atomic Drop, Knee Drop, Running Knee Lift, Sleeper Hold	Lariat	Cobra Clutch, Body Scissors Combination
1982-10-04	Buddy Rose	draw (time)	Pedro Morales	20:00	NULL	NULL	Boston Crab, Senton Splash	Backbreaker
1982-10-04	Andre the Giant	def.	Bob Orton Jr.	09:26	Elbow Drop, Tombstone Piledriver	Bearhug, Big Splash, Bodyslam, Butterfly Suplex, Headbutt	Superplex	Bulldog, Elbow to the Head, Inverted Atomic Drop, Piledriver, Vertical Suplex
1982-10-04	Baron Mikel Scicluna	def.	Pete Sanchez	09:23	NULL	NULL	NULL	NULL
1982-10-04	Billy Graham	def. (DQ)	Bob Backlund	15:10	NULL	Bearhug	Crossface Chickenwing	Atomic Drop, Belly-To-Back Suplex, Diving Knee Drop
1982-10-04	Ivan Putski	def.	Swede Hanson	10:43	Double Axhandle Blow	Bearhug, Powerslam, Suplex	NULL	NULL
1982-10-04	Curt Hennig	def.	Black Demon (WWF)	13:36	Fisherman Suplex	Atomic Drop, Dropkick, Figure-Four Leglock, Kneelift, Rolling Neck Snap, Spear	Piledriver	Powerslam
1982-10-04	Salvatore Bellomo	def.	Johnny Rodz		Big Splash	NULL	NULL	NULL
1982-10-04	Special Delivery Jones	def.	Victor Rivera	05:41	NULL	Headbutt	Abdominal Stretch	NULL
1982-11-22	Special Delivery Jones	def. (DQ)	Swede Hanson	09:20	NULL	Headbutt	NULL	NULL
1982-11-22	Salvatore Bellomo	def. (DQ)	Mr. Fuji	07:11	Big Splash	NULL	Lariat	Cobra Clutch, Body Scissors Combination
1982-11-22	Tiger Mask I	def. (pin)	Jose Estrada	09:42	NULL	NULL	NULL	NULL
1982-11-22	Pedro Morales	def.	Buddy Rose	11:29	Boston Crab, Senton Splash	Backbreaker	NULL	NULL
1982-11-22	Ray Stevens	def.	Chief Jay Strongbow	01:02	Piledriver	Atomic Drop	Tomahawk Chops	Indian Deathlock, Inverted Atomic Drop, Knee Drop, Running Knee Lift, Sleeper Hold
1982-11-22	Rocky Johnson	def. (pin)	Mr. Saito	09:16	NULL	NULL	Prison Lock, Saito Suplex	German Suplex, Headbutt, Lariat, Scorpion Hold
1982-11-22	Jules Strongbow	def.	Charlie Fulton	04:36	Powerbomb	Fireman's Carry Powerslam	Piledriver	Powerslam
1982-11-22	Little Brutus	def. (pin)	Frenchy Lamont		NULL	NULL	NULL	NULL
1982-11-22	Curt Hennig	draw (time)	Eddie Gilbert	14:22	Fisherman Suplex	Atomic Drop, Dropkick, Figure-Four Leglock, Kneelift, Rolling Neck Snap, Spear	Hotshot	Piledriver
1982-11-22	Jimmy Snuka	def.	Captain Lou Albano	05:59	Diving Splash	180° Corkscrew Enzuigiri, Diving Crossbody, Diving Headbutt, Dropsault	NULL	NULL
1982-11-22	Bob Backlund	draw (DDQ)	Billy Graham	10:14	Crossface Chickenwing	Atomic Drop, Belly-To-Back Suplex, Diving Knee Drop	NULL	Bearhug
1982-12-28	Bob Backlund	def. (sub)	Billy Graham	12:33	Crossface Chickenwing	Atomic Drop, Belly-To-Back Suplex, Diving Knee Drop	NULL	Bearhug
1982-12-28	Buddy Rose	def. (CO)	Ivan Putski	08:33	NULL	NULL	Double Axhandle Blow	Bearhug, Powerslam, Suplex
1982-12-28	Chief Jay Strongbow	def. (pin)	Mr. Fuji	08:47	Tomahawk Chops	Indian Deathlock, Inverted Atomic Drop, Knee Drop, Running Knee Lift, Sleeper Hold	Lariat	Cobra Clutch, Body Scissors Combination
1982-12-28	Jimmy Snuka	def. (CO)	Ray Stevens	06:50	Diving Splash	180° Corkscrew Enzuigiri, Diving Crossbody, Diving Headbutt, Dropsault	Piledriver	Atomic Drop
1982-12-28	Rocky Johnson	def.	Black Demon (WWF)	05:13	NULL	NULL	Piledriver	Powerslam
1982-12-28	Pedro Morales	draw (DDQ)	Don Muraco	14:25	Boston Crab, Senton Splash	Backbreaker	Reverse Piledriver	DDT, Gorilla Press Slam, Powerslam, Samoan Drop, Shoulderbreaker, Top Rope Splash Mountain
1982-12-28	The Fabulous Moolah	def.	Cindy Chase		Schoolboy	Backbreaker, Bodyslam	NULL	NULL
1982-12-28	Salvatore Bellomo	def.	Jose Estrada	08:46	Big Splash	NULL	NULL	NULL
1982-12-28	Special Delivery Jones	draw (time)	Eddie Gilbert	20:00	NULL	Headbutt	Hotshot	Piledriver
1982-12-28	Tony Garea	def.	Johnny Rodz	09:04	Octopus Hold	Abdominal Stretch	NULL	NULL
1983-01-22	Special Delivery Jones	def. (pin)	Baron Mikel Scicluna	06:36	NULL	Headbutt	NULL	NULL
1983-01-22	Salvatore Bellomo	def. (pin)	Charlie Fulton	03:33	Big Splash	NULL	Piledriver	Powerslam
1983-01-22	Rocky Johnson	def. (pin)	Mr. Fuji	06:28	NULL	NULL	Lariat	Cobra Clutch, Body Scissors Combination
1983-01-22	Ray Stevens	def. (pin)	Jules Strongbow	07:51	Piledriver	Atomic Drop	Powerbomb	Fireman's Carry Powerslam
1983-01-22	Jimmy Snuka	def. (pin)	Buddy Rose	15:26	Diving Splash	180° Corkscrew Enzuigiri, Diving Crossbody, Diving Headbutt, Dropsault	NULL	NULL
1983-01-22	Johnny Rodz	def. (pin)	Pete Sanchez	08:42	NULL	NULL	NULL	NULL
1983-01-22	Curt Hennig	def. (pin)	Jose Luis Rivera	08:29	Fisherman Suplex	Atomic Drop, Dropkick, Figure-Four Leglock, Kneelift, Rolling Neck Snap, Spear	NULL	NULL
1983-01-22	Don Muraco	def. (pin)	Pedro Morales	11:34	Reverse Piledriver	DDT, Gorilla Press Slam, Powerslam, Samoan Drop, Shoulderbreaker, Top Rope Splash Mountain	Boston Crab, Senton Splash	Backbreaker
1983-01-22	Bob Backlund	def. (pin)	Big John Studd	07:17	Crossface Chickenwing	Atomic Drop, Belly-To-Back Suplex, Diving Knee Drop	Backbreaker, Reverse Bearhug	Chokeslam, Double Arm Suplex, Heart Punch
1983-01-22	Billy Graham	def. (pin)	Swede Hanson	03:29	NULL	Bearhug	NULL	NULL
1983-01-22	Afa	def. (pin)	Eddie Gilbert	09:23	Samoan Drop	Headbutt	Hotshot	Piledriver
1983-02-18	Andre the Giant	def. (pin)	Afa	12:51	Elbow Drop, Tombstone Piledriver	Bearhug, Big Splash, Bodyslam, Butterfly Suplex, Headbutt	Samoan Drop	Headbutt
1983-02-18	Big John Studd	def. (sub)	Jules Strongbow	02:40	Backbreaker, Reverse Bearhug	Chokeslam, Double Arm Suplex, Heart Punch	Powerbomb	Fireman's Carry Powerslam
1983-02-18	Eddie Gilbert	def. (pin)	Charlie Fulton	09:20	Hotshot	Piledriver	Piledriver	Powerslam
1983-02-18	Don Muraco	def. (DQ)	Bob Backlund		Reverse Piledriver	DDT, Gorilla Press Slam, Powerslam, Samoan Drop, Shoulderbreaker, Top Rope Splash Mountain	Crossface Chickenwing	Atomic Drop, Belly-To-Back Suplex, Diving Knee Drop
1983-02-18	Ray Stevens	def. (pin)	Chief Jay Strongbow	09:26	Piledriver	Atomic Drop	Tomahawk Chops	Indian Deathlock, Inverted Atomic Drop, Knee Drop, Running Knee Lift, Sleeper Hold
1983-02-18	Rocky Johnson	def. (CO)	Billy Graham	03:46	NULL	NULL	NULL	Bearhug
1983-02-18	Pedro Morales	def. (pin)	Buddy Rose	11:36	Boston Crab, Senton Splash	Backbreaker	NULL	NULL
1983-02-18	Mr. Fuji	def. (pin)	Tony Garea	08:26	Lariat	Cobra Clutch, Body Scissors Combination	Octopus Hold	Abdominal Stretch
1983-02-18	Johnny Rodz	def. (pin)	Baron Mikel Scicluna	04:59	NULL	NULL	NULL	NULL
1983-02-18	Jose Estrada	def. (pin)	Curt Hennig	13:25	NULL	NULL	Fisherman Suplex	Atomic Drop, Dropkick, Figure-Four Leglock, Kneelift, Rolling Neck Snap, Spear
1983-02-18	Salvatore Bellomo	def. (pin)	Swede Hanson	04:51	Big Splash	NULL	NULL	NULL
1983-03-20	Salvatore Bellomo	draw (DCO)	Ray Stevens		Big Splash	NULL	Piledriver	Atomic Drop
1983-03-20	Special Delivery Jones	def.	Jose Estrada	04:14	NULL	Headbutt	NULL	NULL
1983-03-20	Jose Luis Rivera	def.	Baron Mikel Scicluna	08:46	NULL	NULL	NULL	NULL
1983-03-20	Pancho Boy	def.	Butch Cassidy	03:02	NULL	NULL	NULL	NULL
1983-03-20	Billy Graham	def. (pin)	Jules Strongbow	09:42	NULL	Bearhug	Powerbomb	Fireman's Carry Powerslam
1983-03-20	Andre the Giant	def. (pin)	Afa	09:37	Elbow Drop, Tombstone Piledriver	Bearhug, Big Splash, Bodyslam, Butterfly Suplex, Headbutt	Samoan Drop	Headbutt
1983-03-20	Bob Backlund	def. (pin)	Don Muraco	19:51	Crossface Chickenwing	Atomic Drop, Belly-To-Back Suplex, Diving Knee Drop	Reverse Piledriver	DDT, Gorilla Press Slam, Powerslam, Samoan Drop, Shoulderbreaker, Top Rope Splash Mountain
1983-03-20	Tony Garea	def.	Johnny Rodz	10:09	Octopus Hold	Abdominal Stretch	NULL	NULL
1983-04-25	Bob Backlund	def.	Ivan Koloff	28:36	Crossface Chickenwing	Atomic Drop, Belly-To-Back Suplex, Diving Knee Drop	Bearhug	Cobra Clutch, Inverted Backbreaker, Jumping Lariat, Knee Drop
1983-04-25	Afa	def.	Chief Jay Strongbow	11:55	Samoan Drop	Headbutt	Tomahawk Chops	Indian Deathlock, Inverted Atomic Drop, Knee Drop, Running Knee Lift, Sleeper Hold
1983-04-25	Andre the Giant	def. (CO)	Big John Studd	08:22	Elbow Drop, Tombstone Piledriver	Bearhug, Big Splash, Bodyslam, Butterfly Suplex, Headbutt	Backbreaker, Reverse Bearhug	Chokeslam, Double Arm Suplex, Heart Punch
1983-04-25	Eddie Gilbert	def.	Jose Estrada	05:58	Hotshot	Piledriver	NULL	NULL
1983-04-25	Jimmy Snuka	def.	Billy Graham	03:28	Diving Splash	180° Corkscrew Enzuigiri, Diving Crossbody, Diving Headbutt, Dropsault	NULL	Bearhug
1983-04-25	Iron Mike Sharpe	def.	Johnny Rodz	09:31	Forearm Smash	Bearhug	NULL	NULL
1983-04-25	Mr. Fuji	def.	Special Delivery Jones	11:34	Lariat	Cobra Clutch, Body Scissors Combination	NULL	Headbutt
1983-04-25	Pedro Morales	def.	Swede Hanson	04:39	Boston Crab, Senton Splash	Backbreaker	NULL	NULL
1983-04-25	Rocky Johnson	def. (CO)	Don Muraco	14:20	NULL	NULL	Reverse Piledriver	DDT, Gorilla Press Slam, Powerslam, Samoan Drop, Shoulderbreaker, Top Rope Splash Mountain
1983-04-25	Ray Stevens	def. (pin)	Tony Garea	10:17	Piledriver	Atomic Drop	Octopus Hold	Abdominal Stretch
1983-04-25	Salvatore Bellomo	def.	Baron Mikel Scicluna	09:43	Big Splash	NULL	NULL	NULL
1983-05-23	Salvatore Bellomo	def.	Swede Hanson	10:28	Big Splash	NULL	NULL	NULL
1983-05-23	Susan Starr	def.	Leilani Kai	06:04	NULL	NULL	Diving Crossbody	Big Boot, Diving Splash
1983-05-23	The Fabulous Moolah	def.	Princess Victoria	05:27	Schoolboy	Backbreaker, Bodyslam	NULL	NULL
1983-05-23	Jose Luis Rivera	def.	Pete Dougherty	10:39	NULL	NULL	NULL	NULL
1983-05-23	Ivan Koloff	def. (pin)	Jules Strongbow	11:23	Bearhug	Cobra Clutch, Inverted Backbreaker, Jumping Lariat, Knee Drop	Powerbomb	Fireman's Carry Powerslam
1983-05-23	Jimmy Snuka	def. (pin)	Afa	03:02	Diving Splash	180° Corkscrew Enzuigiri, Diving Crossbody, Diving Headbutt, Dropsault	Samoan Drop	Headbutt
1983-05-23	Dusty Rhodes	def. (pin)	Samula	09:10	Bionic Elbow, Figure-Four Leglock	Diving Crossbody, Elbow Drop, Sleeper Hold	Diving Headbutt, Samoan Drop, TKO	Powerslam, Savate Kick, Side Slam
1983-05-23	Don Kernodle	def. (pin)	Baron Mikel Scicluna	10:57	NULL	NULL	NULL	NULL
1983-05-23	Don Muraco	draw (curfew)	Rocky Johnson		Reverse Piledriver	DDT, Gorilla Press Slam, Powerslam, Samoan Drop, Shoulderbreaker, Top Rope Splash Mountain	NULL	NULL
1983-05-23	Bob Backlund	def. (DQ)	Sergeant Slaughter	16:53	Crossface Chickenwing	Atomic Drop, Belly-To-Back Suplex, Diving Knee Drop	Cobra Clutch	Backbreaker, Bearhug, Camel Clutch, Elbow Drop, Gutbuster, Inverted Suplex, Lariat, Piledriver
1983-05-23	Chief Jay Strongbow	draw (DDQ)	Iron Mike Sharpe	06:48	Tomahawk Chops	Indian Deathlock, Inverted Atomic Drop, Knee Drop, Running Knee Lift, Sleeper Hold	Forearm Smash	Bearhug
1983-06-17	Andre the Giant	def.	Big John Studd	08:21	Elbow Drop, Tombstone Piledriver	Bearhug, Big Splash, Bodyslam, Butterfly Suplex, Headbutt	Backbreaker, Reverse Bearhug	Chokeslam, Double Arm Suplex, Heart Punch
1983-06-17	George Steele	def.	Chief Jay Strongbow	07:13	Elevated Hammerlock	Big Splash, Full Nelson	Tomahawk Chops	Indian Deathlock, Inverted Atomic Drop, Knee Drop, Running Knee Lift, Sleeper Hold
1983-06-17	Ivan Koloff	def. (pin)	Tony Garea	11:41	Bearhug	Cobra Clutch, Inverted Backbreaker, Jumping Lariat, Knee Drop	Octopus Hold	Abdominal Stretch
1983-06-17	Iron Mike Sharpe	def. (pin)	Special Delivery Jones	10:39	Forearm Smash	Bearhug	NULL	Headbutt
1983-06-17	Ivan Putski	def.	Afa		Double Axhandle Blow	Bearhug, Powerslam, Suplex	Samoan Drop	Headbutt
1983-06-17	Swede Hanson	def.	Butcher Vachon	08:33	NULL	NULL	Elevated Back To Back Chokehold	Bearhug
1983-06-17	Salvatore Bellomo	def. (DQ)	Mr. Fuji	11:30	Big Splash	NULL	Lariat	Cobra Clutch, Body Scissors Combination
1983-06-17	Sergeant Slaughter	def. (CO)	Bob Backlund	19:46	Cobra Clutch	Backbreaker, Bearhug, Camel Clutch, Elbow Drop, Gutbuster, Inverted Suplex, Lariat, Piledriver	Crossface Chickenwing	Atomic Drop, Belly-To-Back Suplex, Diving Knee Drop
1983-07-30	Sergeant Slaughter	def. (sub)	Swede Hanson	09:44	Cobra Clutch	Backbreaker, Bearhug, Camel Clutch, Elbow Drop, Gutbuster, Inverted Suplex, Lariat, Piledriver	NULL	NULL
1983-07-30	Tito Santana	def. (pin)	Mr. Fuji	05:39	Diving Forearm To The Back Of The Head	Diving Crossbody, Figure-Four Leglock, Jumping Forearm	Lariat	Cobra Clutch, Body Scissors Combination
1983-07-30	Rocky Johnson	def. (pin)	Don Kernodle	06:15	NULL	NULL	NULL	NULL
1983-07-30	Ivan Koloff	def. (pin)	Special Delivery Jones	05:31	Bearhug	Cobra Clutch, Inverted Backbreaker, Jumping Lariat, Knee Drop	NULL	Headbutt
1983-07-30	Invader I	def.	Gypsy Rodriguez	11:27	NULL	NULL	NULL	NULL
1983-07-30	George Steele	def. (DQ)	Bob Backlund	10:32	Elevated Hammerlock	Big Splash, Full Nelson	Crossface Chickenwing	Atomic Drop, Belly-To-Back Suplex, Diving Knee Drop
1983-07-30	Don Muraco	draw (DDQ)	Jimmy Snuka	12:29	Reverse Piledriver	DDT, Gorilla Press Slam, Powerslam, Samoan Drop, Shoulderbreaker, Top Rope Splash Mountain	Diving Splash	180° Corkscrew Enzuigiri, Diving Crossbody, Diving Headbutt, Dropsault
1983-07-30	Andre the Giant	def. (pin)	Afa	12:46	Elbow Drop, Tombstone Piledriver	Bearhug, Big Splash, Bodyslam, Butterfly Suplex, Headbutt	Samoan Drop	Headbutt
1983-07-30	Big John Studd	def. (sub)	Salvatore Bellomo	05:09	Backbreaker, Reverse Bearhug	Chokeslam, Double Arm Suplex, Heart Punch	Big Splash	NULL
1983-07-30	Tony Garea	draw (time)	Iron Mike Sharpe	15:00	Octopus Hold	Abdominal Stretch	Forearm Smash	Bearhug
1983-08-27	Andre the Giant	def.	Big John Studd	12:47	Elbow Drop, Tombstone Piledriver	Bearhug, Big Splash, Bodyslam, Butterfly Suplex, Headbutt	Backbreaker, Reverse Bearhug	Chokeslam, Double Arm Suplex, Heart Punch
1983-08-27	Chief Jay Strongbow	def.	Butcher Vachon		Tomahawk Chops	Indian Deathlock, Inverted Atomic Drop, Knee Drop, Running Knee Lift, Sleeper Hold	Elevated Back To Back Chokehold	Bearhug
1983-08-27	Bob Backlund	def.	George Steele	00:39	Crossface Chickenwing	Atomic Drop, Belly-To-Back Suplex, Diving Knee Drop	Elevated Hammerlock	Big Splash, Full Nelson
1983-08-27	Don Muraco	def. (CO)	Jimmy Snuka	15:19	Reverse Piledriver	DDT, Gorilla Press Slam, Powerslam, Samoan Drop, Shoulderbreaker, Top Rope Splash Mountain	Diving Splash	180° Corkscrew Enzuigiri, Diving Crossbody, Diving Headbutt, Dropsault
1983-08-27	Invader II	def.	Don Kernodle	12:47	NULL	NULL	NULL	NULL
1983-08-27	Ivan Koloff	draw (time)	Salvatore Bellomo	20:00	Bearhug	Cobra Clutch, Inverted Backbreaker, Jumping Lariat, Knee Drop	Big Splash	NULL
1983-08-27	Iron Mike Sharpe	def.	Swede Hanson	10:06	Forearm Smash	Bearhug	NULL	NULL
1983-08-27	Tiger Chung Lee	def.	Tony Garea	11:24	NULL	NULL	Octopus Hold	Abdominal Stretch
1983-10-17	Tiger Chung Lee	def. (pin)	Special Delivery Jones	08:41	NULL	NULL	NULL	Headbutt
1983-10-17	Tito Santana	draw (time)	Iron Mike Sharpe	20:00	Diving Forearm To The Back Of The Head	Diving Crossbody, Figure-Four Leglock, Jumping Forearm	Forearm Smash	Bearhug
1983-10-17	The Masked Superstar	def. (CO)	Bob Backlund	15:13	Backbreaker Hold Top-Rope Elbow Drop Combination, Swinging Neckbreaker	Axhandle Blow, Cobra Clutch, Elevated Hammerlock	Crossface Chickenwing	Atomic Drop, Belly-To-Back Suplex, Diving Knee Drop
1983-10-17	Sergeant Slaughter	def. (DQ)	Ivan Putski	10:29	Cobra Clutch	Backbreaker, Bearhug, Camel Clutch, Elbow Drop, Gutbuster, Inverted Suplex, Lariat, Piledriver	Double Axhandle Blow	Bearhug, Powerslam, Suplex
1983-10-17	Rocky Johnson	def. (pin)	Sika	01:46	NULL	NULL	Samoan Drop	Headbutt
1983-10-17	Mike Graham	def. (pin)	Bob Bradley	04:53	NULL	NULL	NULL	NULL
1983-10-17	Invader I	def.	Butcher Vachon	06:58	NULL	NULL	Elevated Back To Back Chokehold	Bearhug
1983-10-17	Don Muraco	def.	Jimmy Snuka	06:46	Reverse Piledriver	DDT, Gorilla Press Slam, Powerslam, Samoan Drop, Shoulderbreaker, Top Rope Splash Mountain	Diving Splash	180° Corkscrew Enzuigiri, Diving Crossbody, Diving Headbutt, Dropsault
1983-10-17	Andre the Giant	def. (pin)	Afa		Elbow Drop, Tombstone Piledriver	Bearhug, Big Splash, Bodyslam, Butterfly Suplex, Headbutt	Samoan Drop	Headbutt
1983-10-17	Tony Garea	def. (pin)	Rene Goulet	12:33	Octopus Hold	Abdominal Stretch	Scorpion Claw Hold	NULL
1983-11-21	Afa	def.	Rocky Johnson		Samoan Drop	Headbutt	NULL	NULL
1983-11-21	Bob Backlund	def. (pin)	The Masked Superstar	17:21	Crossface Chickenwing	Atomic Drop, Belly-To-Back Suplex, Diving Knee Drop	Backbreaker Hold Top-Rope Elbow Drop Combination, Swinging Neckbreaker	Axhandle Blow, Cobra Clutch, Elevated Hammerlock
1983-11-21	Don Muraco	def. (pin)	Iron Mike Sharpe		Reverse Piledriver	DDT, Gorilla Press Slam, Powerslam, Samoan Drop, Shoulderbreaker, Top Rope Splash Mountain	Forearm Smash	Bearhug
1983-11-21	Invader I	def.	Mr. Fuji		NULL	NULL	Lariat	Cobra Clutch, Body Scissors Combination
1983-11-21	Jimmy Snuka	draw (time)	Sergeant Slaughter	20:00	Diving Splash	180° Corkscrew Enzuigiri, Diving Crossbody, Diving Headbutt, Dropsault	Cobra Clutch	Backbreaker, Bearhug, Camel Clutch, Elbow Drop, Gutbuster, Inverted Suplex, Lariat, Piledriver
1983-11-21	Pat Patterson	def. (CO)	Ivan Koloff		Atomic Drop	Diving Knee Drop, Figure-Four Leglock, Headbutt, Sleeper Hold	Bearhug	Cobra Clutch, Inverted Backbreaker, Jumping Lariat, Knee Drop
1983-11-21	Salvatore Bellomo	def.	Butcher Vachon		Big Splash	NULL	Elevated Back To Back Chokehold	Bearhug
1983-11-21	The Iron Sheik	def.	Tony Garea		Camel Clutch, Top Rope Chokeslam	Boston Crab, Gutwrench Suplex	Octopus Hold	Abdominal Stretch
1983-11-21	Tito Santana	def.	Don Kernodle		Diving Forearm To The Back Of The Head	Diving Crossbody, Figure-Four Leglock, Jumping Forearm	NULL	NULL
1983-11-21	Tony Atlas	def.	Big John Studd		Gorilla Press Slam	Full Nelson	Backbreaker, Reverse Bearhug	Chokeslam, Double Arm Suplex, Heart Punch
1983-12-26	Tito Santana	def. (pin)	Ivan Koloff	15:46	Diving Forearm To The Back Of The Head	Diving Crossbody, Figure-Four Leglock, Jumping Forearm	Bearhug	Cobra Clutch, Inverted Backbreaker, Jumping Lariat, Knee Drop
1983-12-26	The Masked Superstar	def. (DQ)	Ivan Putski	07:00	Backbreaker Hold Top-Rope Elbow Drop Combination, Swinging Neckbreaker	Axhandle Blow, Cobra Clutch, Elevated Hammerlock	Double Axhandle Blow	Bearhug, Powerslam, Suplex
1983-12-26	The Iron Sheik	def.	Bob Backlund	11:50	Camel Clutch, Top Rope Chokeslam	Boston Crab, Gutwrench Suplex	Crossface Chickenwing	Atomic Drop, Belly-To-Back Suplex, Diving Knee Drop
1983-12-26	Salvatore Bellomo	draw (time)	Tiger Chung Lee	20:00	Big Splash	NULL	NULL	NULL
1983-12-26	Sergeant Slaughter	def. (pin)	Chief Jay Strongbow	07:42	Cobra Clutch	Backbreaker, Bearhug, Camel Clutch, Elbow Drop, Gutbuster, Inverted Suplex, Lariat, Piledriver	Tomahawk Chops	Indian Deathlock, Inverted Atomic Drop, Knee Drop, Running Knee Lift, Sleeper Hold
1983-12-26	Jose Luis Rivera	def. (pin)	Rene Goulet	10:05	NULL	NULL	Scorpion Claw Hold	NULL
1983-12-26	Invader I	def.	Butcher Vachon	04:45	NULL	NULL	Elevated Back To Back Chokehold	Bearhug
1983-12-26	Afa	def.	Rocky Johnson	20:15	Samoan Drop	Headbutt	NULL	NULL
1983-12-26	Arnold Skaaland	def. (pin)	Captain Lou Albano	10:07	NULL	NULL	NULL	NULL
1984-01-23	Andre the Giant	def. (pin)	Afa	05:29	Elbow Drop, Tombstone Piledriver	Bearhug, Big Splash, Bodyslam, Butterfly Suplex, Headbutt	Samoan Drop	Headbutt
1984-01-23	Invader I	draw (time)	Mr. Fuji	20:23	NULL	NULL	Lariat	Cobra Clutch, Body Scissors Combination
1984-01-23	Jimmy Snuka	def. (pin)	Rene Goulet	03:54	Diving Splash	180° Corkscrew Enzuigiri, Diving Crossbody, Diving Headbutt, Dropsault	Scorpion Claw Hold	NULL
1984-01-23	Don Muraco	draw (DDQ)	Tito Santana	16:03	Reverse Piledriver	DDT, Gorilla Press Slam, Powerslam, Samoan Drop, Shoulderbreaker, Top Rope Splash Mountain	Diving Forearm To The Back Of The Head	Diving Crossbody, Figure-Four Leglock, Jumping Forearm
1984-01-23	Hulk Hogan	def. (pin)	The Iron Sheik	05:40	Crooked Arm Lariat, Legdrop	Atomic Drop, Big Boot, Bodyslam	Camel Clutch, Top Rope Chokeslam	Boston Crab, Gutwrench Suplex
1984-01-23	Paul Orndorff	def. (pin)	Salvatore Bellomo	14:06	Armbar	Forearm Smash, Piledriver	Big Splash	NULL
1984-01-23	Sergeant Slaughter	def. (CO)	Ivan Putski	11:29	Cobra Clutch	Backbreaker, Bearhug, Camel Clutch, Elbow Drop, Gutbuster, Inverted Suplex, Lariat, Piledriver	Double Axhandle Blow	Bearhug, Powerslam, Suplex
1984-01-23	The Masked Superstar	def. (pin)	Chief Jay Strongbow	07:26	Backbreaker Hold Top-Rope Elbow Drop Combination, Swinging Neckbreaker	Axhandle Blow, Cobra Clutch, Elevated Hammerlock	Tomahawk Chops	Indian Deathlock, Inverted Atomic Drop, Knee Drop, Running Knee Lift, Sleeper Hold
1984-01-23	The Haiti Kid	def. (pin)	Dana Carpenter	06:53	NULL	NULL	NULL	NULL
1984-01-23	Tony Garea	def. (pin)	Jose Luis Rivera	06:46	Octopus Hold	Abdominal Stretch	NULL	NULL
1984-02-20	The Iron Sheik	def. (sub)	Eddie Gilbert	05:48	Camel Clutch, Top Rope Chokeslam	Boston Crab, Gutwrench Suplex	Hotshot	Piledriver
1984-02-20	Tito Santana	def. (CO)	Don Muraco	17:20	Diving Forearm To The Back Of The Head	Diving Crossbody, Figure-Four Leglock, Jumping Forearm	Reverse Piledriver	DDT, Gorilla Press Slam, Powerslam, Samoan Drop, Shoulderbreaker, Top Rope Splash Mountain
1984-02-20	Jose Luis Rivera	def. (pin)	Charlie Fulton		NULL	NULL	Piledriver	Powerslam
1984-02-20	David Schultz	def.	Invader I	11:17	NULL	NULL	NULL	NULL
1984-02-20	Jimmy Snuka	def. (pin)	Samula	09:32	Diving Splash	180° Corkscrew Enzuigiri, Diving Crossbody, Diving Headbutt, Dropsault	Diving Headbutt, Samoan Drop, TKO	Powerslam, Savate Kick, Side Slam
1984-02-20	Iron Mike Sharpe	def. (pin)	B. Brian Blair	09:35	Forearm Smash	Bearhug	Sleeper Hold	Boston Crab
1984-02-20	Hulk Hogan	def. (CO)	Paul Orndorff	12:24	Crooked Arm Lariat, Legdrop	Atomic Drop, Big Boot, Bodyslam	Armbar	Forearm Smash, Piledriver
1984-02-20	Ivan Putski	def.	Mr. Fuji	06:20	Double Axhandle Blow	Bearhug, Powerslam, Suplex	Lariat	Cobra Clutch, Body Scissors Combination
1984-02-20	Andre the Giant	def. (pin)	The Masked Superstar	07:46	Elbow Drop, Tombstone Piledriver	Bearhug, Big Splash, Bodyslam, Butterfly Suplex, Headbutt	Backbreaker Hold Top-Rope Elbow Drop Combination, Swinging Neckbreaker	Axhandle Blow, Cobra Clutch, Elevated Hammerlock
1984-02-20	Afa	def. (pin)	Tony Garea	11:37	Samoan Drop	Headbutt	Octopus Hold	Abdominal Stretch
1984-03-25	Akira Maeda	def.	Pierre Lefebvre		Capture Suplex	Heel Hook, High Kick	NULL	NULL
1984-03-25	B. Brian Blair	def.	Charlie Fulton	09:30	Sleeper Hold	Boston Crab	Piledriver	Powerslam
1984-03-25	Bob Backlund	draw (DCO)	Greg Valentine	15:00	Crossface Chickenwing	Atomic Drop, Belly-To-Back Suplex, Diving Knee Drop	Figure-Four Leglock	Back Suplex, Bionic Elbow, Elbow Drop, Piledriver
1984-03-25	David Schultz	def. (DQ)	Andre the Giant	12:20	NULL	NULL	Elbow Drop, Tombstone Piledriver	Bearhug, Big Splash, Bodyslam, Butterfly Suplex, Headbutt
1984-03-25	Rocky Johnson	draw (DDQ)	Afa	10:02	NULL	NULL	Samoan Drop	Headbutt
1984-03-25	Tito Santana	draw (time)	Paul Orndorff	20:00	Diving Forearm To The Back Of The Head	Diving Crossbody, Figure-Four Leglock, Jumping Forearm	Armbar	Forearm Smash, Piledriver
1984-03-25	The Iron Sheik	def.	Ivan Putski	07:04	Camel Clutch, Top Rope Chokeslam	Boston Crab, Gutwrench Suplex	Double Axhandle Blow	Bearhug, Powerslam, Suplex
1984-03-25	Sergeant Slaughter	def. (sub)	Mr. Fuji	04:18	Cobra Clutch	Backbreaker, Bearhug, Camel Clutch, Elbow Drop, Gutbuster, Inverted Suplex, Lariat, Piledriver	Lariat	Cobra Clutch, Body Scissors Combination
1984-03-25	Special Delivery Jones	def. (pin)	Rene Goulet	09:23	NULL	Headbutt	Scorpion Claw Hold	NULL
1984-04-23	Salvatore Bellomo	def. (pin)	Ron Shaw	07:53	Big Splash	NULL	NULL	NULL
1984-04-23	Tiger Chung Lee	def. (pin)	The Tonga Kid	08:02	NULL	NULL	NULL	NULL
1984-04-23	The Iron Sheik	def. (DQ)	Sergeant Slaughter	08:31	Camel Clutch, Top Rope Chokeslam	Boston Crab, Gutwrench Suplex	Cobra Clutch	Backbreaker, Bearhug, Camel Clutch, Elbow Drop, Gutbuster, Inverted Suplex, Lariat, Piledriver
1984-04-23	Tito Santana	def. (pin)	J. J. Dillon	07:46	Diving Forearm To The Back Of The Head	Diving Crossbody, Figure-Four Leglock, Jumping Forearm	NULL	NULL
1984-04-23	Rene Goulet	def. (pin)	Jose Luis Rivera	07:36	Scorpion Claw Hold	NULL	NULL	NULL
1984-04-23	Princess Victoria	def.	Peggy Lee		NULL	NULL	Reverse Splash	NULL
1984-04-23	David Schultz	def.	Ivan Putski	05:40	NULL	NULL	Double Axhandle Blow	Bearhug, Powerslam, Suplex
1984-04-23	Bob Backlund	def. (pin)	Greg Valentine	20:00	Crossface Chickenwing	Atomic Drop, Belly-To-Back Suplex, Diving Knee Drop	Figure-Four Leglock	Back Suplex, Bionic Elbow, Elbow Drop, Piledriver
1984-04-23	B. Brian Blair	def.	Samula	20:00	Sleeper Hold	Boston Crab	Diving Headbutt, Samoan Drop, TKO	Powerslam, Savate Kick, Side Slam
1984-05-21	Akira Maeda	def.	Rene Goulet	09:47	Capture Suplex	Heel Hook, High Kick	Scorpion Claw Hold	NULL
1984-05-21	Afa	def.	Bobo Brazil	12:00	Samoan Drop	Headbutt	Headbutt	Piledriver
1984-05-21	George Steele	def.	Terry Daniels		Elevated Hammerlock	Big Splash, Full Nelson	NULL	NULL
1984-05-21	Hulk Hogan	def. (pin)	David Schultz	05:46	Crooked Arm Lariat, Legdrop	Atomic Drop, Big Boot, Bodyslam	NULL	NULL
1984-05-21	Jimmy Snuka	def. (DQ)	Greg Valentine	10:05	Diving Splash	180° Corkscrew Enzuigiri, Diving Crossbody, Diving Headbutt, Dropsault	Figure-Four Leglock	Back Suplex, Bionic Elbow, Elbow Drop, Piledriver
1984-05-21	Jesse Ventura	def. (sub)	Salvatore Bellomo	04:31	NULL	Bodybreaker	Big Splash	NULL
1984-05-21	Paul Orndorff	def. (CO)	Tito Santana	22:26	Armbar	Forearm Smash, Piledriver	Diving Forearm To The Back Of The Head	Diving Crossbody, Figure-Four Leglock, Jumping Forearm
1984-05-21	Mr. Fuji	def.	B. Brian Blair	18:04	Lariat	Cobra Clutch, Body Scissors Combination	Sleeper Hold	Boston Crab
1984-05-21	The Fabulous Moolah	def. (DQ)	Wendi Richter	12:20	Schoolboy	Backbreaker, Bodyslam	Reverse Death Valley Driver	NULL
1984-05-21	Roddy Piper	def. (DQ)	Ivan Putski	04:07	Sleeper Hold Suplex	Belly-To-Back Suplex, Boston Crab, Bulldog, Eye Poke, Eye Rake, Fist Drop, Inverted Atomic Drop, Jab, Low Blow, Piledriver, Running Knee Lift, Running Knee Strike	Double Axhandle Blow	Bearhug, Powerslam, Suplex
1984-05-21	Sergeant Slaughter	draw (DDQ)	The Iron Sheik	14:47	Cobra Clutch	Backbreaker, Bearhug, Camel Clutch, Elbow Drop, Gutbuster, Inverted Suplex, Lariat, Piledriver	Camel Clutch, Top Rope Chokeslam	Boston Crab, Gutwrench Suplex
1984-06-16	Sergeant Slaughter	def. (pin)	The Iron Sheik	16:02	Cobra Clutch	Backbreaker, Bearhug, Camel Clutch, Elbow Drop, Gutbuster, Inverted Suplex, Lariat, Piledriver	Camel Clutch, Top Rope Chokeslam	Boston Crab, Gutwrench Suplex
1984-06-16	Mad Dog Vachon	def. (pin)	Steve Lombardi	03:18	Piledriver	NULL	Swinging Neckbreaker	Reverse Neckbreaker
1984-06-16	Paul Orndorff	def. (pin)	Salvatore Bellomo	09:01	Armbar	Forearm Smash, Piledriver	Big Splash	NULL
1984-06-16	Jesse Ventura	def. (sub)	Special Delivery Jones		NULL	Bodybreaker	NULL	Headbutt
1984-06-16	George Steele	def. (sub)	Jose Luis Rivera	02:24	Elevated Hammerlock	Big Splash, Full Nelson	NULL	NULL
1984-06-16	Greg Valentine	def. (CO)	Tito Santana		Figure-Four Leglock	Back Suplex, Bionic Elbow, Elbow Drop, Piledriver	Diving Forearm To The Back Of The Head	Diving Crossbody, Figure-Four Leglock, Jumping Forearm
1984-06-16	Don Muraco	def. (pin)	Tony Garea	04:49	Reverse Piledriver	DDT, Gorilla Press Slam, Powerslam, Samoan Drop, Shoulderbreaker, Top Rope Splash Mountain	Octopus Hold	Abdominal Stretch
1984-06-16	Adrian Adonis	draw	Afa	19:51	DDT, Sleeper Hold 	Diving Shoulder Block, Knee Drop	Samoan Drop	Headbutt
1984-06-16	Andre the Giant	def. (pin)	David Schultz	07:00	Elbow Drop, Tombstone Piledriver	Bearhug, Big Splash, Bodyslam, Butterfly Suplex, Headbutt	NULL	NULL
1984-06-16	Bob Orton Jr.	def. (pin)	Chief Jay Strongbow	09:46	Superplex	Bulldog, Elbow to the Head, Inverted Atomic Drop, Piledriver, Vertical Suplex	Tomahawk Chops	Indian Deathlock, Inverted Atomic Drop, Knee Drop, Running Knee Lift, Sleeper Hold
1984-07-23	Bob Backlund	def. (sub)	Butcher Vachon	07:24	Crossface Chickenwing	Atomic Drop, Belly-To-Back Suplex, Diving Knee Drop	Elevated Back To Back Chokehold	Bearhug
1984-07-23	Antonio Inoki	def. (pin)	Charlie Fulton	03:50	Octopus Hold	Bow-And-Arrow Submission, Choke Sleeper, Enzuigiri, Indian Deathlock, Slap	Piledriver	Powerslam
1984-07-23	Antonio Inoki	def. (pin)	Adrian Adonis	13:23	Octopus Hold	Bow-And-Arrow Submission, Choke Sleeper, Enzuigiri, Indian Deathlock, Slap	DDT, Sleeper Hold 	Diving Shoulder Block, Knee Drop
1984-07-23	Afa	def. (pin)	Rene Goulet	03:43	Samoan Drop	Headbutt	Scorpion Claw Hold	NULL
1984-07-23	Hulk Hogan	def. (pin)	Greg Valentine	10:24	Crooked Arm Lariat, Legdrop	Atomic Drop, Big Boot, Bodyslam	Figure-Four Leglock	Back Suplex, Bionic Elbow, Elbow Drop, Piledriver
1984-07-23	Paul Orndorff	def. (pin)	Chief Jay Strongbow	06:05	Armbar	Forearm Smash, Piledriver	Tomahawk Chops	Indian Deathlock, Inverted Atomic Drop, Knee Drop, Running Knee Lift, Sleeper Hold
1984-07-23	Sika	def. (pin)	Ron Shaw	05:12	Samoan Drop	Headbutt	NULL	NULL
1984-07-23	The Iron Sheik	def. (pin)	Tony Garea	05:56	Camel Clutch, Top Rope Chokeslam	Boston Crab, Gutwrench Suplex	Octopus Hold	Abdominal Stretch
1984-07-23	Tito Santana	draw (time)	Bob Orton Jr.	20:00	Diving Forearm To The Back Of The Head	Diving Crossbody, Figure-Four Leglock, Jumping Forearm	Superplex	Bulldog, Elbow to the Head, Inverted Atomic Drop, Piledriver, Vertical Suplex
1984-07-23	Wendi Richter	def. (pin)	The Fabulous Moolah	11:20	Reverse Death Valley Driver	NULL	Schoolboy	Backbreaker, Bodyslam
1984-08-25	Tito Santana	def. (pin)	Greg Valentine		Diving Forearm To The Back Of The Head	Diving Crossbody, Figure-Four Leglock, Jumping Forearm	Figure-Four Leglock	Back Suplex, Bionic Elbow, Elbow Drop, Piledriver
1984-08-25	Terry Daniels	def. (pin)	Fred Marzino	03:55	NULL	NULL	NULL	NULL
1984-08-25	Roddy Piper	def. (CO)	Jimmy Snuka	07:05	Sleeper Hold Suplex	Belly-To-Back Suplex, Boston Crab, Bulldog, Eye Poke, Eye Rake, Fist Drop, Inverted Atomic Drop, Jab, Low Blow, Piledriver, Running Knee Lift, Running Knee Strike	Diving Splash	180° Corkscrew Enzuigiri, Diving Crossbody, Diving Headbutt, Dropsault
1984-08-25	Rick McGraw	draw (time)	Salvatore Bellomo	18:07	Diving Bodypress	Dropkick	Big Splash	NULL
1984-08-25	Kamala	def. (pin)	Chief Jay Strongbow	02:50	Diving Splash	Chop, Headbutt, Overhead Chop, Savate Kick	Tomahawk Chops	Indian Deathlock, Inverted Atomic Drop, Knee Drop, Running Knee Lift, Sleeper Hold
1984-08-25	Ken Patera	def. (sub)	Pat Patterson	09:04	Swinging Full Nelson	NULL	Atomic Drop	Diving Knee Drop, Figure-Four Leglock, Headbutt, Sleeper Hold
1984-08-25	Jesse Ventura	def. (CO)	Ivan Putski	11:40	NULL	Bodybreaker	Double Axhandle Blow	Bearhug, Powerslam, Suplex
1984-08-25	Adrian Adonis	def. (DQ)	Afa	12:00	DDT, Sleeper Hold 	Diving Shoulder Block, Knee Drop	Samoan Drop	Headbutt
1984-08-25	B. Brian Blair	draw (DCO)	Iron Mike Sharpe	13:03	Sleeper Hold	Boston Crab	Forearm Smash	Bearhug
1984-08-25	Buddy Roberts	def. (pin)	Butcher Vachon	08:58	Bulldog	Heart Punch	Elevated Back To Back Chokehold	Bearhug
1984-09-22	Brutus Beefcake	def. (pin)	Salvatore Bellomo	09:56	Sitdown Jawbreaker	Sleeper Hold	Big Splash	NULL
1984-09-22	B. Brian Blair	def. (DQ)	Iron Mike Sharpe	19:46	Sleeper Hold	Boston Crab	Forearm Smash	Bearhug
1984-09-22	Big John Studd	def. (CO)	Hulk Hogan	11:09	Backbreaker, Reverse Bearhug	Chokeslam, Double Arm Suplex, Heart Punch	Crooked Arm Lariat, Legdrop	Atomic Drop, Big Boot, Bodyslam
1984-09-22	Afa	def. (pin)	Adrian Adonis	20:16	Samoan Drop	Headbutt	DDT, Sleeper Hold 	Diving Shoulder Block, Knee Drop
1984-09-22	David Schultz	def. (pin)	Special Delivery Jones	06:35	NULL	NULL	NULL	Headbutt
1984-09-22	Greg Valentine	def. (sub)	Jose Luis Rivera	07:19	Figure-Four Leglock	Back Suplex, Bionic Elbow, Elbow Drop, Piledriver	NULL	NULL
1984-09-22	Kamala	def. (pin)	Pat Patterson	05:21	Diving Splash	Chop, Headbutt, Overhead Chop, Savate Kick	Atomic Drop	Diving Knee Drop, Figure-Four Leglock, Headbutt, Sleeper Hold
1984-09-22	Ken Patera	def. (sub)	Rick McGraw	07:40	Swinging Full Nelson	NULL	Diving Bodypress	Dropkick
1984-09-22	Nikolai Volkoff	def. (pin)	Chief Jay Strongbow	06:48	NULL	Backbreaker, Bearhug, Bodyslam	Tomahawk Chops	Indian Deathlock, Inverted Atomic Drop, Knee Drop, Running Knee Lift, Sleeper Hold
1984-10-22	Nikolai Volkoff	def. (CO)	Sergeant Slaughter	15:40	NULL	Backbreaker, Bearhug, Bodyslam	Cobra Clutch	Backbreaker, Bearhug, Camel Clutch, Elbow Drop, Gutbuster, Inverted Suplex, Lariat, Piledriver
1984-10-22	Mad Dog Vachon	def. (pin)	Rick McGraw	07:24	Piledriver	NULL	Diving Bodypress	Dropkick
1984-10-22	Ken Patera	def. (pin)	Rocky Johnson	13:08	Swinging Full Nelson	NULL	NULL	NULL
1984-10-22	Sika	def. (DQ)	Adrian Adonis	09:29	Samoan Drop	Headbutt	DDT, Sleeper Hold 	Diving Shoulder Block, Knee Drop
1984-10-22	Greg Valentine	def. (DQ)	Tito Santana	05:52	Figure-Four Leglock	Back Suplex, Bionic Elbow, Elbow Drop, Piledriver	Diving Forearm To The Back Of The Head	Diving Crossbody, Figure-Four Leglock, Jumping Forearm
1984-10-22	David Schultz	def. (pin)	Salvatore Bellomo	04:02	NULL	NULL	Big Splash	NULL
1984-10-22	David Sammartino	def. (pin)	Moondog Spot	12:23	Figure-Four Leglock	Argentine Backbreaker, Front Facelock	Splash	NULL
1984-10-22	Hulk Hogan	def. (pin)	Big John Studd	07:38	Crooked Arm Lariat, Legdrop	Atomic Drop, Big Boot, Bodyslam	Backbreaker, Reverse Bearhug	Chokeslam, Double Arm Suplex, Heart Punch
1984-10-22	Afa	draw (time)	Dick Murdoch	19:15	Samoan Drop	Headbutt	Brainbuster	Diving Knee Drop Bulldog, Sleeper Hold
1984-10-22	Brutus Beefcake	def. (pin)	Tony Garea	05:20	Sitdown Jawbreaker	Sleeper Hold	Octopus Hold	Abdominal Stretch
1984-11-26	Bob Orton Jr.	def. (pin)	Swede Hanson	08:51	Superplex	Bulldog, Elbow to the Head, Inverted Atomic Drop, Piledriver, Vertical Suplex	NULL	NULL
1984-11-26	Bobby Heenan	def. (pin)	Salvatore Bellomo	08:56	NULL	NULL	Big Splash	NULL
1984-11-26	Barry Windham	def. (pin)	Moondog Rex	12:11	Superplex	DDT, Iron Claw, Lariat, Running Bulldog	NULL	NULL
1984-11-26	Angelo Mosca	def. (DQ)	Mr. Fuji	08:01	Full Nelson, Sleeper Hold	Elbow Drop, Heart Punch	Lariat	Cobra Clutch, Body Scissors Combination
1984-11-26	David Sammartino	def. (DQ)	Ken Patera	12:24	Figure-Four Leglock	Argentine Backbreaker, Front Facelock	Swinging Full Nelson	NULL
1984-11-26	David Schultz	def. (pin)	Rocky Johnson	09:25	NULL	NULL	NULL	NULL
1984-11-26	Special Delivery Jones	def. (pin)	Charlie Fulton	10:40	NULL	Headbutt	Piledriver	Powerslam
1984-11-26	Roddy Piper	draw (DDQ)	The Tonga Kid	07:03	Sleeper Hold Suplex	Belly-To-Back Suplex, Boston Crab, Bulldog, Eye Poke, Eye Rake, Fist Drop, Inverted Atomic Drop, Jab, Low Blow, Piledriver, Running Knee Lift, Running Knee Strike	NULL	NULL
1984-11-26	Tito Santana	draw (curfew)	Greg Valentine	22:23	Diving Forearm To The Back Of The Head	Diving Crossbody, Figure-Four Leglock, Jumping Forearm	Figure-Four Leglock	Back Suplex, Bionic Elbow, Elbow Drop, Piledriver
1984-11-26	Tony Atlas	def. (pin)	The Executioner	01:48	Gorilla Press Slam	Full Nelson	NULL	NULL
1984-11-26	Moondog Spot	def. (pin)	Jose Luis Rivera	09:16	Splash	NULL	NULL	NULL
1984-12-28	Mike Rotundo	def. (pin)	Rene Goulet	10:38	Jumping Lariat, Samoan Drop, STF	180° Corkscrew Enzuigiri, Abdominal Stretch, Airplane Spin, Butterfly Suplex	Scorpion Claw Hold	NULL
1984-12-28	Junkyard Dog	def. (pin)	Paul Kelly	03:05	Powerslam	Headbutt, Shoulderbreaker	NULL	NULL
1984-12-28	The Cobra	def. (pin)	Black Tiger I	12:29	NULL	NULL	NULL	NULL
1984-12-28	Salvatore Bellomo	def. (pin)	Johnny Rodz	05:36	Big Splash	NULL	NULL	NULL
1984-12-28	Hulk Hogan	def. (pin)	The Iron Sheik	03:31	Crooked Arm Lariat, Legdrop	Atomic Drop, Big Boot, Bodyslam	Camel Clutch, Top Rope Chokeslam	Boston Crab, Gutwrench Suplex
1984-12-28	Jimmy Snuka	draw (DDQ)	Bob Orton Jr.	14:58	Diving Splash	180° Corkscrew Enzuigiri, Diving Crossbody, Diving Headbutt, Dropsault	Superplex	Bulldog, Elbow to the Head, Inverted Atomic Drop, Piledriver, Vertical Suplex
1984-12-28	Antonio Inoki	def. (pin)	David Schultz	05:16	Octopus Hold	Bow-And-Arrow Submission, Choke Sleeper, Enzuigiri, Indian Deathlock, Slap	NULL	NULL
1984-12-28	Barry Windham	def. (pin)	Mr. Fuji	00:19	Superplex	DDT, Iron Claw, Lariat, Running Bulldog	Lariat	Cobra Clutch, Body Scissors Combination
1984-12-28	Adrian Adonis	draw (DCO)	Jack Brisco	26:46	DDT, Sleeper Hold 	Diving Shoulder Block, Knee Drop	Figure-Four Leglock	Back Slide, Belly-To-Back Suplex, Sleeper Hold, Sunset Flip, Superplex
1984-12-28	Brutus Beefcake	def. (pin)	Special Delivery Jones	13:22	Sitdown Jawbreaker	Sleeper Hold	NULL	Headbutt